K	d	N	Method	TruePerf	alpha	bandwidth
1000	10	10	FullInfo	0.8868837127079899	0.0	-1.0
1000	10	10	SAA	0.959968517179726	0.0	-1.0
1000	10	10	S-SAA	0.959968517179726	0.0	-1.0
1000	10	10	NW	1.1586802610475575	0.0	0.060404040404040404
1000	10	10	HS-NW	0.9337331820196901	3.0303030303030303	0.060404040404040404
1000	10	10	NWbar	0.99673445245929	0.0	0.7156565656565657
1000	10	10	S-NW	0.9330113362610643	2.0202020202020203	0.6148484848484849
1000	10	10	SAA	0.9983517891229583	0.0	-1.0
1000	10	10	S-SAA	0.9983517891229583	0.0	-1.0
1000	10	10	NW	1.0185546659141966	0.0	0.01
1000	10	10	HS-NW	0.9852716971358652	4.040404040404041	0.01
1000	10	10	NWbar	0.9636819940962186	0.0	0.6652525252525252
1000	10	10	S-NW	0.9631363095676394	3.0303030303030303	0.36282828282828283
1000	10	10	SAA	1.00668697739683	0.0	-1.0
1000	10	10	S-SAA	1.00668697739683	0.0	-1.0
1000	10	10	NW	1.0389833054034752	0.0	0.01
1000	10	10	HS-NW	0.995507385980951	1.0101010101010102	0.01
1000	10	10	NWbar	0.9714823698038618	0.0	0.6652525252525252
1000	10	10	S-NW	0.961762253255155	3.0303030303030303	2.9838383838383837
1000	10	10	SAA	0.9922822965538985	0.0	-1.0
1000	10	10	S-SAA	0.9886324628136753	1.0101010101010102	-1.0
1000	10	10	NW	1.0595323814492983	0.0	0.01
1000	10	10	HS-NW	0.9826487335832793	1.0101010101010102	0.01
1000	10	10	NWbar	0.9652214541411891	0.0	0.6652525252525252
1000	10	10	S-NW	0.9541353932121881	2.0202020202020203	0.21161616161616162
1000	10	10	SAA	0.9898291204657279	0.0	-1.0
1000	10	10	S-SAA	0.9758002381951016	1.0101010101010102	-1.0
1000	10	10	NW	1.0413766206999822	0.0	0.01
1000	10	10	HS-NW	0.9776323979300182	1.0101010101010102	0.01
1000	10	10	NWbar	0.9727410399942191	0.0	0.6652525252525252
1000	10	10	S-NW	0.9635407470182398	2.0202020202020203	0.26202020202020204
1000	10	10	SAA	1.0020197171428475	0.0	-1.0
1000	10	10	S-SAA	0.9981841728852295	1.0101010101010102	-1.0
1000	10	10	NW	1.033994359195854	0.0	0.01
1000	10	10	HS-NW	0.9882049938019464	7.070707070707071	0.01
1000	10	10	NWbar	0.9835140741304241	0.0	0.6148484848484849
1000	10	10	S-NW	0.97115190813241	3.0303030303030303	0.36282828282828283
1000	10	10	SAA	0.9857305634929979	0.0	-1.0
1000	10	10	S-SAA	0.9754330597049503	1.0101010101010102	-1.0
1000	10	10	NW	1.0128658571073226	0.0	0.01
1000	10	10	HS-NW	0.9598190227012803	5.05050505050505	0.01
1000	10	10	NWbar	0.9705459478181435	0.0	0.6652525252525252
1000	10	10	S-NW	0.9582089005374353	4.040404040404041	0.16121212121212122
1000	10	10	SAA	0.9836133388752357	0.0	-1.0
1000	10	10	S-SAA	0.9836133388752357	0.0	-1.0
1000	10	10	NW	1.0513189550955895	0.0	0.01
1000	10	10	HS-NW	0.9806671619069834	2.0202020202020203	0.01
1000	10	10	NWbar	1.026909971581296	0.0	0.7156565656565657
1000	10	10	S-NW	0.968560398967311	2.0202020202020203	4.445555555555556
1000	10	10	SAA	0.9982033134492253	0.0	-1.0
1000	10	10	S-SAA	0.9763389538600916	1.0101010101010102	-1.0
1000	10	10	NW	1.1771541105679664	0.0	0.060404040404040404
1000	10	10	HS-NW	0.9746970287939295	3.0303030303030303	0.060404040404040404
1000	10	10	NWbar	1.053474919824802	0.0	0.7660606060606061
1000	10	10	S-NW	0.9602212427710415	2.0202020202020203	0.8668686868686869
1000	10	10	SAA	1.0097399937115406	0.0	-1.0
1000	10	10	S-SAA	0.9892125437753272	1.0101010101010102	-1.0
1000	10	10	NW	1.0274275892721259	0.0	0.01
1000	10	10	HS-NW	0.9764796090183784	6.0606060606060606	0.01
1000	10	10	NWbar	0.9728101272227354	0.0	0.6652525252525252
1000	10	10	S-NW	0.9549467060204111	4.040404040404041	0.4636363636363636
1000	10	10	SAA	1.0006877674272014	0.0	-1.0
1000	10	10	S-SAA	0.9770478953841114	1.0101010101010102	-1.0
1000	10	10	NW	1.0503445083957161	0.0	0.01
1000	10	10	HS-NW	0.9640334661770987	2.0202020202020203	0.01
1000	10	10	NWbar	0.9693369006441412	0.0	0.6652525252525252
1000	10	10	S-NW	0.9376300884525532	1.0101010101010102	4.445555555555556
1000	10	10	SAA	0.9764249205232112	0.0	-1.0
1000	10	10	S-SAA	0.9585028143613524	1.0101010101010102	-1.0
1000	10	10	NW	1.0080429413304344	0.0	0.01
1000	10	10	HS-NW	0.9519984392088027	4.040404040404041	0.01
1000	10	10	NWbar	0.9495949076724574	0.0	0.6148484848484849
1000	10	10	S-NW	0.9443351081845066	2.0202020202020203	0.11080808080808081
1000	10	10	SAA	0.9700230325718898	0.0	-1.0
1000	10	10	S-SAA	0.9577702643782002	1.0101010101010102	-1.0
1000	10	10	NW	1.0188943617159563	0.0	0.01
1000	10	10	HS-NW	0.9575715871794621	9.090909090909092	0.01
1000	10	10	NWbar	0.9569320354847966	0.0	0.6652525252525252
1000	10	10	S-NW	0.940993671397423	2.0202020202020203	3.5382828282828283
1000	10	10	SAA	1.0103926248579957	0.0	-1.0
1000	10	10	S-SAA	0.9951737267100532	1.0101010101010102	-1.0
1000	10	10	NW	1.0345364567389934	0.0	0.01
1000	10	10	HS-NW	0.9842960552586876	3.0303030303030303	0.01
1000	10	10	NWbar	0.9784497909172485	0.0	0.6652525252525252
1000	10	10	S-NW	0.9682460790175671	2.0202020202020203	1.2196969696969697
1000	10	10	SAA	1.0123088724259413	0.0	-1.0
1000	10	10	S-SAA	0.9913134140280013	1.0101010101010102	-1.0
1000	10	10	NW	1.0535753393495428	0.0	0.01
1000	10	10	HS-NW	1.001054411279255	4.040404040404041	0.01
1000	10	10	NWbar	1.0287476535743931	0.0	0.7156565656565657
1000	10	10	S-NW	0.9744865029598345	3.0303030303030303	3.991919191919192
1000	10	10	SAA	1.0010400700112114	0.0	-1.0
1000	10	10	S-SAA	1.0005573991728518	1.0101010101010102	-1.0
1000	10	10	NW	1.0414636487722826	0.0	0.01
1000	10	10	HS-NW	0.9645333959283156	3.0303030303030303	0.01
1000	10	10	NWbar	0.9629972012967902	0.0	0.6652525252525252
1000	10	10	S-NW	0.9529798386362046	4.040404040404041	0.8668686868686869
1000	10	10	SAA	0.9925747256947332	0.0	-1.0
1000	10	10	S-SAA	0.9925747256947332	0.0	-1.0
1000	10	10	NW	1.0568814161254652	0.0	0.01
1000	10	10	HS-NW	0.9768495938015872	4.040404040404041	0.01
1000	10	10	NWbar	0.9919369202925021	0.0	0.01
1000	10	10	S-NW	0.971208468719537	3.0303030303030303	3.9415151515151514
1000	10	10	SAA	1.0054182994632064	0.0	-1.0
1000	10	10	S-SAA	0.9963772122293748	1.0101010101010102	-1.0
1000	10	10	NW	1.0413369268914483	0.0	0.01
1000	10	10	HS-NW	0.9865951489091961	3.0303030303030303	0.01
1000	10	10	NWbar	0.985727541815717	0.0	0.6652525252525252
1000	10	10	S-NW	0.9752890768793506	2.0202020202020203	4.344747474747475
1000	10	10	SAA	1.0080241000651868	0.0	-1.0
1000	10	10	S-SAA	0.9913524706353783	1.0101010101010102	-1.0
1000	10	10	NW	1.0467683466009035	0.0	0.01
1000	10	10	HS-NW	1.0080241000651868	0.0	0.01
1000	10	10	NWbar	0.9814077309203303	0.0	0.6652525252525252
1000	10	10	S-NW	0.9545195018098434	2.0202020202020203	1.4213131313131313
1000	10	10	SAA	1.025133560884932	0.0	-1.0
1000	10	10	S-SAA	1.0178453725117285	1.0101010101010102	-1.0
1000	10	10	NW	1.033380449090895	0.0	0.01
1000	10	10	HS-NW	0.9707996759873027	3.0303030303030303	0.01
1000	10	10	NWbar	0.9677963323673723	0.0	0.6652525252525252
1000	10	10	S-NW	0.9536797003154941	3.0303030303030303	1.4213131313131313
1000	10	10	SAA	1.031733843755561	0.0	-1.0
1000	10	10	S-SAA	1.0142099689473978	1.0101010101010102	-1.0
1000	10	10	NW	1.1618040869896107	0.0	0.060404040404040404
1000	10	10	HS-NW	0.998808497235496	10.1010101010101	0.060404040404040404
1000	10	10	NWbar	1.0623917805739864	0.0	0.8164646464646464
1000	10	10	S-NW	0.967134016198946	5.05050505050505	1.7741414141414142
1000	10	10	SAA	1.0019342388569004	0.0	-1.0
1000	10	10	S-SAA	1.0008714752516836	1.0101010101010102	-1.0
1000	10	10	NW	1.0220403926042603	0.0	0.01
1000	10	10	HS-NW	0.9849753018421845	3.0303030303030303	0.01
1000	10	10	NWbar	1.0123323696997504	0.0	0.7156565656565657
1000	10	10	S-NW	0.9552976348179185	2.0202020202020203	1.4717171717171718
1000	10	10	SAA	1.0195352290233628	0.0	-1.0
1000	10	10	S-SAA	1.0171744641081957	1.0101010101010102	-1.0
1000	10	10	NW	1.1273835201856115	0.0	0.060404040404040404
1000	10	10	HS-NW	0.9658044452667364	2.0202020202020203	0.060404040404040404
1000	10	10	NWbar	0.9665143150562481	0.0	0.6652525252525252
1000	10	10	S-NW	0.9578957188356387	2.0202020202020203	0.16121212121212122
1000	10	10	SAA	1.017679554135274	0.0	-1.0
1000	10	10	S-SAA	1.0098727758345878	1.0101010101010102	-1.0
1000	10	10	NW	1.0486800703303856	0.0	0.01
1000	10	10	HS-NW	1.0100056951763376	3.0303030303030303	0.01
1000	10	10	NWbar	1.0224759053305297	0.0	0.7156565656565657
1000	10	10	S-NW	0.9594623024646486	4.040404040404041	0.31242424242424244
1000	10	10	SAA	1.0516865022122617	0.0	-1.0
1000	10	10	S-SAA	1.024094537628048	1.0101010101010102	-1.0
1000	10	10	NW	1.0314540728575434	0.0	0.01
1000	10	10	HS-NW	0.9929329187114561	5.05050505050505	0.01
1000	10	10	NWbar	0.9870524979870496	0.0	0.6652525252525252
1000	10	10	S-NW	0.9672364701016993	6.0606060606060606	0.060404040404040404
1000	10	10	SAA	0.980725091317086	0.0	-1.0
1000	10	10	S-SAA	0.962085081089815	1.0101010101010102	-1.0
1000	10	10	NW	1.0263372395640349	0.0	0.01
1000	10	10	HS-NW	0.9735017475547683	1.0101010101010102	0.01
1000	10	10	NWbar	0.9470190871090487	0.0	0.6652525252525252
1000	10	10	S-NW	0.9444413008300065	1.0101010101010102	0.21161616161616162
1000	10	10	SAA	0.9780605385238426	0.0	-1.0
1000	10	10	S-SAA	0.9780605385238426	0.0	-1.0
1000	10	10	NW	1.0197594614763608	0.0	0.01
1000	10	10	HS-NW	0.9698698454267355	12.121212121212121	0.01
1000	10	10	NWbar	0.9752989961538597	0.0	0.5644444444444444
1000	10	10	S-NW	0.9643414964897546	2.0202020202020203	0.060404040404040404
1000	10	10	SAA	1.0565888038095168	0.0	-1.0
1000	10	10	S-SAA	1.0140541275050028	1.0101010101010102	-1.0
1000	10	10	NW	1.0669582100700468	0.0	0.01
1000	10	10	HS-NW	1.009159733234066	5.05050505050505	0.01
1000	10	10	NWbar	0.9857930251627706	0.0	0.6652525252525252
1000	10	10	S-NW	0.9734492959755248	5.05050505050505	0.11080808080808081
1000	10	10	SAA	1.0410837395384274	0.0	-1.0
1000	10	10	S-SAA	1.0189899469505153	1.0101010101010102	-1.0
1000	10	10	NW	1.0696909289762595	0.0	0.01
1000	10	10	HS-NW	1.008516916739954	6.0606060606060606	0.01
1000	10	10	NWbar	1.0271640568676368	0.0	0.7156565656565657
1000	10	10	S-NW	0.9809288965405911	5.05050505050505	0.11080808080808081
1000	10	10	SAA	1.0062275291518215	0.0	-1.0
1000	10	10	S-SAA	0.9923605930434941	1.0101010101010102	-1.0
1000	10	10	NW	1.030512535844272	0.0	0.01
1000	10	10	HS-NW	0.9982203970797546	3.0303030303030303	0.01
1000	10	10	NWbar	1.0245456726350877	0.0	0.7156565656565657
1000	10	10	S-NW	0.9745726628548416	3.0303030303030303	1.7237373737373738
1000	10	10	SAA	0.9875294234821788	0.0	-1.0
1000	10	10	S-SAA	0.9605966138480041	1.0101010101010102	-1.0
1000	10	10	NW	1.0328126910847812	0.0	0.01
1000	10	10	HS-NW	0.9801223737423431	1.0101010101010102	0.01
1000	10	10	NWbar	0.9701589827177988	0.0	0.6652525252525252
1000	10	10	S-NW	0.9456968450286869	2.0202020202020203	1.3205050505050504
1000	10	10	SAA	0.9664458511122129	0.0	-1.0
1000	10	10	S-SAA	0.953316226484412	1.0101010101010102	-1.0
1000	10	10	NW	1.038513258260729	0.0	0.01
1000	10	10	HS-NW	0.958544674234654	6.0606060606060606	0.01
1000	10	10	NWbar	0.9490799394211874	0.0	0.5644444444444444
1000	10	10	S-NW	0.9426739729417093	2.0202020202020203	4.798383838383838
1000	10	10	SAA	0.9617540144141251	0.0	-1.0
1000	10	10	S-SAA	0.9617540144141251	0.0	-1.0
1000	10	10	NW	1.0127689705222636	0.0	0.01
1000	10	10	HS-NW	0.960581276789609	1.0101010101010102	0.01
1000	10	10	NWbar	0.9575293099888715	0.0	0.6652525252525252
1000	10	10	S-NW	0.9507913651596943	2.0202020202020203	0.16121212121212122
1000	10	10	SAA	0.9821800151070204	0.0	-1.0
1000	10	10	S-SAA	0.9821800151070204	0.0	-1.0
1000	10	10	NW	1.0343569838453173	0.0	0.01
1000	10	10	HS-NW	0.971014755279236	6.0606060606060606	0.01
1000	10	10	NWbar	0.983705615623567	0.0	0.6652525252525252
1000	10	10	S-NW	0.963453669073926	1.0101010101010102	0.060404040404040404
1000	10	10	SAA	1.0174862466691157	0.0	-1.0
1000	10	10	S-SAA	0.9818157130378263	1.0101010101010102	-1.0
1000	10	10	NW	1.0283908722268593	0.0	0.01
1000	10	10	HS-NW	0.9785357485187028	8.080808080808081	0.01
1000	10	10	NWbar	0.9725146643878556	0.0	0.6652525252525252
1000	10	10	S-NW	0.9613820607528314	3.0303030303030303	2.3285858585858588
1000	10	10	SAA	1.0158256853322611	0.0	-1.0
1000	10	10	S-SAA	1.0073947169244322	1.0101010101010102	-1.0
1000	10	10	NW	1.0499555306610289	0.0	0.01
1000	10	10	HS-NW	1.0013655941487423	6.0606060606060606	0.01
1000	10	10	NWbar	0.9999118336859363	0.0	0.6652525252525252
1000	10	10	S-NW	0.9859313643683892	2.0202020202020203	0.8668686868686869
1000	10	10	SAA	1.007546740617302	0.0	-1.0
1000	10	10	S-SAA	0.9994275103305915	1.0101010101010102	-1.0
1000	10	10	NW	1.0339674742902505	0.0	0.01
1000	10	10	HS-NW	0.9866771458724346	8.080808080808081	0.01
1000	10	10	NWbar	1.0042254817956697	0.0	0.5644444444444444
1000	10	10	S-NW	0.9696366703520661	4.040404040404041	0.21161616161616162
1000	10	10	SAA	0.9952551877101584	0.0	-1.0
1000	10	10	S-SAA	0.9887611341739035	1.0101010101010102	-1.0
1000	10	10	NW	1.0180123491072812	0.0	0.01
1000	10	10	HS-NW	0.9824006659298483	14.141414141414142	0.01
1000	10	10	NWbar	0.994330638078975	0.0	0.6652525252525252
1000	10	10	S-NW	0.9824006659298483	14.141414141414142	0.01
1000	10	10	SAA	1.0128804211759914	0.0	-1.0
1000	10	10	S-SAA	0.9959691421109744	1.0101010101010102	-1.0
1000	10	10	NW	1.0266495361926002	0.0	0.01
1000	10	10	HS-NW	0.9924933745789623	7.070707070707071	0.01
1000	10	10	NWbar	0.9837220478684892	0.0	0.6652525252525252
1000	10	10	S-NW	0.9796306316809575	2.0202020202020203	3.891111111111111
1000	10	10	SAA	1.0127199602755854	0.0	-1.0
1000	10	10	S-SAA	0.9917238283397973	1.0101010101010102	-1.0
1000	10	10	NW	1.0517191954673104	0.0	0.01
1000	10	10	HS-NW	0.9849204645915021	4.040404040404041	0.01
1000	10	10	NWbar	1.0127199602755854	0.0	0.01
1000	10	10	S-NW	0.9666249868551208	3.0303030303030303	0.21161616161616162
1000	10	10	SAA	1.03727873299978	0.0	-1.0
1000	10	10	S-SAA	1.0193457549874296	1.0101010101010102	-1.0
1000	10	10	NW	1.0435680549621273	0.0	0.01
1000	10	10	HS-NW	1.0157925754327242	5.05050505050505	0.01
1000	10	10	NWbar	1.0585061463433465	0.0	0.7660606060606061
1000	10	10	S-NW	0.9933906639802929	3.0303030303030303	3.3366666666666664
1000	10	10	SAA	1.0143986201420254	0.0	-1.0
1000	10	10	S-SAA	1.0143986201420254	0.0	-1.0
1000	10	10	NW	1.0257409308488379	0.0	0.01
1000	10	10	HS-NW	0.9861500376982193	9.090909090909092	0.01
1000	10	10	NWbar	0.9809333617906101	0.0	0.6148484848484849
1000	10	10	S-NW	0.9666466762458561	3.0303030303030303	0.7660606060606061
1000	10	10	SAA	1.017248327755658	0.0	-1.0
1000	10	10	S-SAA	0.9993247562118877	1.0101010101010102	-1.0
1000	10	10	NW	1.0401661270523583	0.0	0.01
1000	10	10	HS-NW	0.9950377161406624	5.05050505050505	0.01
1000	10	10	NWbar	1.0137584219088955	0.0	0.7156565656565657
1000	10	10	S-NW	0.9694144803791729	2.0202020202020203	0.11080808080808081
1000	10	10	SAA	0.9990215688033718	0.0	-1.0
1000	10	10	S-SAA	0.9784854073436874	1.0101010101010102	-1.0
1000	10	10	NW	1.0104255914041296	0.0	0.01
1000	10	10	HS-NW	0.9745169080393378	8.080808080808081	0.01
1000	10	10	NWbar	1.0065454494458417	0.0	0.7156565656565657
1000	10	10	S-NW	0.9593868897642343	4.040404040404041	0.11080808080808081
1000	10	10	SAA	1.0180663641786656	0.0	-1.0
1000	10	10	S-SAA	0.9826000483904179	1.0101010101010102	-1.0
1000	10	10	NW	1.0640390546601841	0.0	0.01
1000	10	10	HS-NW	1.0002613684203336	3.0303030303030303	0.01
1000	10	10	NWbar	0.9790292231599393	0.0	0.6652525252525252
1000	10	10	S-NW	0.9697612477868467	3.0303030303030303	0.9676767676767677
1000	10	10	SAA	0.9874986898912353	0.0	-1.0
1000	10	10	S-SAA	0.9874986898912353	0.0	-1.0
1000	10	10	NW	1.0118616801530598	0.0	0.01
1000	10	10	HS-NW	0.9688144228413483	5.05050505050505	0.01
1000	10	10	NWbar	0.9549214782248764	0.0	0.6148484848484849
1000	10	10	S-NW	0.9503132720575327	4.040404040404041	0.060404040404040404
1000	10	10	SAA	0.9722385741315204	0.0	-1.0
1000	10	10	S-SAA	0.9635516499240471	1.0101010101010102	-1.0
1000	10	10	NW	1.020085460137736	0.0	0.01
1000	10	10	HS-NW	0.9628408616263141	4.040404040404041	0.01
1000	10	10	NWbar	0.9731496733429953	0.0	0.6652525252525252
1000	10	10	S-NW	0.9526809468864789	3.0303030303030303	0.26202020202020204
1000	10	10	SAA	1.0022367317973904	0.0	-1.0
1000	10	10	S-SAA	1.0022367317973904	0.0	-1.0
1000	10	10	NW	1.045220125794005	0.0	0.01
1000	10	10	HS-NW	0.9874406469120253	3.0303030303030303	0.01
1000	10	10	NWbar	0.9838895640135056	0.0	0.6652525252525252
1000	10	10	S-NW	0.964778862002108	3.0303030303030303	2.7822222222222224
1000	10	10	SAA	0.9967283456930783	0.0	-1.0
1000	10	10	S-SAA	0.9967283456930783	0.0	-1.0
1000	10	10	NW	1.0444848784608403	0.0	0.01
1000	10	10	HS-NW	0.9838221357705967	2.0202020202020203	0.01
1000	10	10	NWbar	1.0379987653995084	0.0	0.7156565656565657
1000	10	10	S-NW	0.9701213350035028	3.0303030303030303	4.092727272727273
1000	10	10	SAA	0.972796461981485	0.0	-1.0
1000	10	10	S-SAA	0.9538221493755401	1.0101010101010102	-1.0
1000	10	10	NW	1.033059405393934	0.0	0.01
1000	10	10	HS-NW	0.9631982051962341	1.0101010101010102	0.01
1000	10	10	NWbar	0.9715555881128393	0.0	0.6652525252525252
1000	10	10	S-NW	0.9459465330186855	2.0202020202020203	1.1692929292929293
1000	10	10	SAA	0.9855751278432324	0.0	-1.0
1000	10	10	S-SAA	0.9855751278432324	0.0	-1.0
1000	10	10	NW	1.0172117679829826	0.0	0.01
1000	10	10	HS-NW	0.9794149615969588	3.0303030303030303	0.01
1000	10	10	NWbar	0.9713845343870104	0.0	0.6148484848484849
1000	10	10	S-NW	0.95837148295108	6.0606060606060606	0.060404040404040404
1000	10	10	SAA	1.0063197931400234	0.0	-1.0
1000	10	10	S-SAA	1.0048824433270735	1.0101010101010102	-1.0
1000	10	10	NW	1.0455387025526242	0.0	0.01
1000	10	10	HS-NW	0.9785321718904256	5.05050505050505	0.01
1000	10	10	NWbar	1.0126236729136662	0.0	0.7156565656565657
1000	10	10	S-NW	0.9617848450700727	3.0303030303030303	0.11080808080808081
1000	10	10	SAA	0.997241356984304	0.0	-1.0
1000	10	10	S-SAA	0.9926242457625075	1.0101010101010102	-1.0
1000	10	10	NW	1.0602867504204485	0.0	0.01
1000	10	10	HS-NW	0.9701869229493801	3.0303030303030303	0.01
1000	10	10	NWbar	1.0110750754077018	0.0	0.7156565656565657
1000	10	10	S-NW	0.9502322806770582	4.040404040404041	0.11080808080808081
1000	10	10	SAA	0.9999220599206262	0.0	-1.0
1000	10	10	S-SAA	0.9809225312128756	1.0101010101010102	-1.0
1000	10	10	NW	1.028511468331797	0.0	0.01
1000	10	10	HS-NW	0.9728203276681904	6.0606060606060606	0.01
1000	10	10	NWbar	0.9747488191694442	0.0	0.6652525252525252
1000	10	10	S-NW	0.9720392325812023	2.0202020202020203	3.034242424242424
1000	10	10	SAA	0.9906573914181726	0.0	-1.0
1000	10	10	S-SAA	0.9749643115951334	1.0101010101010102	-1.0
1000	10	10	NW	1.0258038415458466	0.0	0.01
1000	10	10	HS-NW	0.9844026879998813	3.0303030303030303	0.01
1000	10	10	NWbar	0.9933770658127867	0.0	0.6652525252525252
1000	10	10	S-NW	0.973392283599607	3.0303030303030303	0.11080808080808081
1000	10	10	SAA	0.9878559877587342	0.0	-1.0
1000	10	10	S-SAA	0.9878559877587342	0.0	-1.0
1000	10	10	NW	1.012458849481947	0.0	0.01
1000	10	10	HS-NW	0.9651775892321719	4.040404040404041	0.01
1000	10	10	NWbar	0.9651467635905866	0.0	0.6148484848484849
1000	10	10	S-NW	0.9525628687043253	2.0202020202020203	1.5221212121212122
1000	10	10	SAA	0.9876983721525914	0.0	-1.0
1000	10	10	S-SAA	0.9876983721525914	0.0	-1.0
1000	10	10	NW	1.0209614279147172	0.0	0.01
1000	10	10	HS-NW	0.9733654904122927	6.0606060606060606	0.01
1000	10	10	NWbar	0.9686186260213717	0.0	0.6148484848484849
1000	10	10	S-NW	0.9595320550839476	2.0202020202020203	0.7156565656565657
1000	10	10	SAA	1.0054087248348063	0.0	-1.0
1000	10	10	S-SAA	0.9932519707207649	1.0101010101010102	-1.0
1000	10	10	NW	1.168520284235216	0.0	0.060404040404040404
1000	10	10	HS-NW	0.9732872659352739	3.0303030303030303	0.060404040404040404
1000	10	10	NWbar	1.048095702937078	0.0	0.7660606060606061
1000	10	10	S-NW	0.9676463661147294	3.0303030303030303	1.9253535353535354
1000	10	10	SAA	0.981413879220195	0.0	-1.0
1000	10	10	S-SAA	0.9654037149380602	1.0101010101010102	-1.0
1000	10	10	NW	1.0442754596771127	0.0	0.01
1000	10	10	HS-NW	0.9663106160515209	3.0303030303030303	0.01
1000	10	10	NWbar	1.0119209770961561	0.0	0.7156565656565657
1000	10	10	S-NW	0.9439206264434277	3.0303030303030303	0.060404040404040404
1000	10	10	SAA	1.0001936961014926	0.0	-1.0
1000	10	10	S-SAA	1.0001936961014926	0.0	-1.0
1000	10	10	NW	1.0385830259502364	0.0	0.01
1000	10	10	HS-NW	0.9881081074827055	8.080808080808081	0.01
1000	10	10	NWbar	1.02091201563402	0.0	0.7156565656565657
1000	10	10	S-NW	0.9704875348351268	4.040404040404041	1.0180808080808081
1000	10	10	SAA	1.0238007134515845	0.0	-1.0
1000	10	10	S-SAA	0.9975057233010749	1.0101010101010102	-1.0
1000	10	10	NW	1.1737298442249904	0.0	0.060404040404040404
1000	10	10	HS-NW	0.9547988600916947	4.040404040404041	0.060404040404040404
1000	10	10	NWbar	1.0211615970471137	0.0	0.7156565656565657
1000	10	10	S-NW	0.9547988600916947	4.040404040404041	0.060404040404040404
1000	10	10	SAA	0.9848229558207119	0.0	-1.0
1000	10	10	S-SAA	0.9684070946369301	1.0101010101010102	-1.0
1000	10	10	NW	1.037828826335214	0.0	0.01
1000	10	10	HS-NW	0.9774637641635561	5.05050505050505	0.01
1000	10	10	NWbar	1.0179662845773605	0.0	0.7156565656565657
1000	10	10	S-NW	0.9585233442302966	2.0202020202020203	1.5725252525252524
1000	10	10	SAA	1.0058199926946683	0.0	-1.0
1000	10	10	S-SAA	0.9758664066675712	1.0101010101010102	-1.0
1000	10	10	NW	1.0242141921127348	0.0	0.01
1000	10	10	HS-NW	0.9667695342766723	7.070707070707071	0.01
1000	10	10	NWbar	0.9630627104176077	0.0	0.6652525252525252
1000	10	10	S-NW	0.9483522939498353	2.0202020202020203	2.0765656565656565
1000	10	10	SAA	1.0212647918471212	0.0	-1.0
1000	10	10	S-SAA	0.9795775157520307	1.0101010101010102	-1.0
1000	10	10	NW	1.032441826984385	0.0	0.01
1000	10	10	HS-NW	0.9790537181735616	4.040404040404041	0.01
1000	10	10	NWbar	0.9564329505277299	0.0	0.6652525252525252
1000	10	10	S-NW	0.9459858426177906	3.0303030303030303	1.874949494949495
1000	10	10	SAA	1.0590047698099823	0.0	-1.0
1000	10	10	S-SAA	1.0107430538712123	1.0101010101010102	-1.0
1000	10	10	NW	1.1537887323567526	0.0	0.060404040404040404
1000	10	10	HS-NW	0.9658765154018091	4.040404040404041	0.060404040404040404
1000	10	10	NWbar	0.9834361525211014	0.0	0.6652525252525252
1000	10	10	S-NW	0.9658765154018091	4.040404040404041	0.060404040404040404
1000	10	10	SAA	0.9954675206324836	0.0	-1.0
1000	10	10	S-SAA	0.9954675206324836	0.0	-1.0
1000	10	10	NW	1.0208549373940905	0.0	0.01
1000	10	10	HS-NW	0.9890657885619775	3.0303030303030303	0.01
1000	10	10	NWbar	0.9870841179610499	0.0	0.6652525252525252
1000	10	10	S-NW	0.9723330658931966	3.0303030303030303	2.5806060606060606
1000	10	10	SAA	0.9999761730730342	0.0	-1.0
1000	10	10	S-SAA	0.987020225365925	1.0101010101010102	-1.0
1000	10	10	NW	1.1665925597171818	0.0	0.060404040404040404
1000	10	10	HS-NW	0.9629994449648221	3.0303030303030303	0.060404040404040404
1000	10	10	NWbar	1.0089938670719596	0.0	0.7156565656565657
1000	10	10	S-NW	0.9629994449648221	3.0303030303030303	0.060404040404040404
1000	10	10	SAA	0.9831144809577586	0.0	-1.0
1000	10	10	S-SAA	0.9670296875678621	1.0101010101010102	-1.0
1000	10	10	NW	1.0381383192724922	0.0	0.01
1000	10	10	HS-NW	0.9724829585990258	3.0303030303030303	0.01
1000	10	10	NWbar	0.9644502189975758	0.0	0.6148484848484849
1000	10	10	S-NW	0.9613088473116973	2.0202020202020203	0.16121212121212122
1000	10	10	SAA	0.9823228815361575	0.0	-1.0
1000	10	10	S-SAA	0.9775463920341696	1.0101010101010102	-1.0
1000	10	10	NW	1.0278719002452656	0.0	0.01
1000	10	10	HS-NW	0.9772557561399081	2.0202020202020203	0.01
1000	10	10	NWbar	0.9650934407232488	0.0	0.6652525252525252
1000	10	10	S-NW	0.9542534338137545	3.0303030303030303	1.2196969696969697
1000	10	10	SAA	0.9908341867506428	0.0	-1.0
1000	10	10	S-SAA	0.9908341867506428	0.0	-1.0
1000	10	10	NW	1.0281843739368322	0.0	0.01
1000	10	10	HS-NW	0.9726767102984617	3.0303030303030303	0.01
1000	10	10	NWbar	0.9774571197584497	0.0	0.6652525252525252
1000	10	10	S-NW	0.9722090969519028	2.0202020202020203	1.0180808080808081
1000	10	10	SAA	0.9701385878577055	0.0	-1.0
1000	10	10	S-SAA	0.9701385878577055	0.0	-1.0
1000	10	10	NW	1.0256011161958305	0.0	0.01
1000	10	10	HS-NW	0.9701385878577055	0.0	0.01
1000	10	10	NWbar	0.9696347101872035	0.0	0.5140404040404041
1000	10	10	S-NW	0.955914780994006	2.0202020202020203	4.193535353535354
1000	10	10	SAA	1.0127152969202364	0.0	-1.0
1000	10	10	S-SAA	0.9952706556417593	1.0101010101010102	-1.0
1000	10	10	NW	1.0496955058909376	0.0	0.01
1000	10	10	HS-NW	1.0046614793269406	8.080808080808081	0.01
1000	10	10	NWbar	1.0006277181681664	0.0	0.6148484848484849
1000	10	10	S-NW	0.9920801852903322	4.040404040404041	0.31242424242424244
1000	10	10	SAA	0.9584159385383415	0.0	-1.0
1000	10	10	S-SAA	0.9584159385383415	0.0	-1.0
1000	10	10	NW	1.0220796857014076	0.0	0.01
1000	10	10	HS-NW	0.9584159385383415	0.0	0.01
1000	10	10	NWbar	0.9676647758871133	0.0	0.6652525252525252
1000	10	10	S-NW	0.945942389423406	1.0101010101010102	2.2781818181818183
1000	10	10	SAA	1.0225991661730773	0.0	-1.0
1000	10	10	S-SAA	0.999846740398161	1.0101010101010102	-1.0
1000	10	10	NW	1.042831476054962	0.0	0.01
1000	10	10	HS-NW	0.9766729035263894	6.0606060606060606	0.01
1000	10	10	NWbar	0.9918661567030073	0.0	0.7156565656565657
1000	10	10	S-NW	0.9553250927393495	2.0202020202020203	2.9838383838383837
1000	10	10	SAA	0.9730447876427288	0.0	-1.0
1000	10	10	S-SAA	0.9730447876427288	0.0	-1.0
1000	10	10	NW	1.1342999402188745	0.0	0.060404040404040404
1000	10	10	HS-NW	0.957513736851746	4.040404040404041	0.060404040404040404
1000	10	10	NWbar	1.0229530826742856	0.0	0.7660606060606061
1000	10	10	S-NW	0.956245837724491	2.0202020202020203	4.9495959595959595
1000	10	10	SAA	0.982136317317008	0.0	-1.0
1000	10	10	S-SAA	0.9814482459033247	1.0101010101010102	-1.0
1000	10	10	NW	1.053747253205929	0.0	0.01
1000	10	10	HS-NW	0.969104377395656	4.040404040404041	0.01
1000	10	10	NWbar	0.963341465014977	0.0	0.6652525252525252
1000	10	10	S-NW	0.9511540444295745	3.0303030303030303	1.1188888888888888
1000	10	10	SAA	0.9860406099243676	0.0	-1.0
1000	10	10	S-SAA	0.972009781819986	1.0101010101010102	-1.0
1000	10	10	NW	1.1676426470403107	0.0	0.060404040404040404
1000	10	10	HS-NW	0.9577911637074927	2.0202020202020203	0.060404040404040404
1000	10	10	NWbar	1.0113717634469495	0.0	0.7156565656565657
1000	10	10	S-NW	0.9449842344114356	2.0202020202020203	2.026161616161616
1000	10	10	SAA	0.9879556699254548	0.0	-1.0
1000	10	10	S-SAA	0.9800587595096335	1.0101010101010102	-1.0
1000	10	10	NW	1.0114749489191144	0.0	0.01
1000	10	10	HS-NW	0.9704028713600363	2.0202020202020203	0.01
1000	10	10	NWbar	1.0054175022048208	0.0	0.7156565656565657
1000	10	10	S-NW	0.9572420228652643	4.040404040404041	3.034242424242424
1000	10	10	SAA	0.9819357532219145	0.0	-1.0
1000	10	10	S-SAA	0.981385154238041	1.0101010101010102	-1.0
1000	10	10	NW	1.0109260296057152	0.0	0.01
1000	10	10	HS-NW	0.9657276027007666	8.080808080808081	0.01
1000	10	10	NWbar	1.0322201848727015	0.0	0.7660606060606061
1000	10	10	S-NW	0.9536567785842458	5.05050505050505	0.060404040404040404
1000	10	10	SAA	1.016664348301415	0.0	-1.0
1000	10	10	S-SAA	0.9933746193143143	1.0101010101010102	-1.0
1000	10	10	NW	1.0453563282936758	0.0	0.01
1000	10	10	HS-NW	0.9999307971584104	4.040404040404041	0.01
1000	10	10	NWbar	1.0091321422973891	0.0	0.7156565656565657
1000	10	10	S-NW	0.9610577856102186	4.040404040404041	2.2781818181818183
1000	10	10	SAA	1.0264197332146099	0.0	-1.0
1000	10	10	S-SAA	1.009639633737877	1.0101010101010102	-1.0
1000	10	10	NW	1.0646182087229707	0.0	0.01
1000	10	10	HS-NW	1.0109624273650601	3.0303030303030303	0.01
1000	10	10	NWbar	0.9992514102379282	0.0	0.6148484848484849
1000	10	10	S-NW	0.9729504087977552	4.040404040404041	0.6148484848484849
1000	10	10	SAA	0.9628535768859064	0.0	-1.0
1000	10	10	S-SAA	0.9482138697273964	1.0101010101010102	-1.0
1000	10	10	NW	1.1752198415138684	0.0	0.060404040404040404
1000	10	10	HS-NW	0.9352521157439009	2.0202020202020203	0.060404040404040404
1000	10	10	NWbar	1.0044612663796813	0.0	0.7156565656565657
1000	10	10	S-NW	0.932248998503127	2.0202020202020203	1.2701010101010102
1000	10	10	SAA	1.0352298882239555	0.0	-1.0
1000	10	10	S-SAA	0.975603240703357	1.0101010101010102	-1.0
1000	10	10	NW	1.0344056639024597	0.0	0.01
1000	10	10	HS-NW	1.01089664648478	5.05050505050505	0.01
1000	10	10	NWbar	0.991538974082878	0.0	0.6652525252525252
1000	10	10	S-NW	0.9751388993522195	3.0303030303030303	1.4213131313131313
1000	10	10	SAA	0.9696392053785563	0.0	-1.0
1000	10	10	S-SAA	0.9696392053785563	0.0	-1.0
1000	10	10	NW	1.00034217898308	0.0	0.01
1000	10	10	HS-NW	0.9636348337410637	2.0202020202020203	0.01
1000	10	10	NWbar	0.9746669940563573	0.0	0.6652525252525252
1000	10	10	S-NW	0.9627665872397358	1.0101010101010102	0.060404040404040404
1000	10	10	SAA	1.0649793590676901	0.0	-1.0
1000	10	10	S-SAA	1.0166812846462172	1.0101010101010102	-1.0
1000	10	10	NW	1.0753446833407114	0.0	0.01
1000	10	10	HS-NW	1.009185155717036	15.151515151515152	0.01
1000	10	10	NWbar	1.0026137135681894	0.0	0.7156565656565657
1000	10	10	S-NW	0.974751524983981	3.0303030303030303	2.9334343434343433
1000	10	10	SAA	0.9801543493261565	0.0	-1.0
1000	10	10	S-SAA	0.9801543493261565	0.0	-1.0
1000	10	10	NW	1.0390695575586533	0.0	0.01
1000	10	10	HS-NW	0.9790967061670356	1.0101010101010102	0.01
1000	10	10	NWbar	1.037271552477006	0.0	0.7660606060606061
1000	10	10	S-NW	0.9595784653352151	4.040404040404041	0.8668686868686869
1000	10	10	SAA	0.9734052917071929	0.0	-1.0
1000	10	10	S-SAA	0.9664417286458761	1.0101010101010102	-1.0
1000	10	10	NW	1.0292906242019841	0.0	0.01
1000	10	10	HS-NW	0.9621791360809325	2.0202020202020203	0.01
1000	10	10	NWbar	0.9734052917071929	0.0	0.01
1000	10	10	S-NW	0.9422546813549387	3.0303030303030303	0.41323232323232323
1000	10	10	SAA	1.0153818961702685	0.0	-1.0
1000	10	10	S-SAA	1.0118921830271266	1.0101010101010102	-1.0
1000	10	10	NW	1.0522392032669456	0.0	0.01
1000	10	10	HS-NW	1.0004877712894336	7.070707070707071	0.01
1000	10	10	NWbar	0.9855344857331255	0.0	0.6652525252525252
1000	10	10	S-NW	0.9756935495827914	4.040404040404041	2.1773737373737374
1000	10	10	SAA	0.987609789374179	0.0	-1.0
1000	10	10	S-SAA	0.987609789374179	0.0	-1.0
1000	10	10	NW	1.0186897421964844	0.0	0.01
1000	10	10	HS-NW	0.9732263773422136	1.0101010101010102	0.01
1000	10	10	NWbar	0.9656549353442173	0.0	0.5644444444444444
1000	10	10	S-NW	0.943840215724532	3.0303030303030303	1.3709090909090909
1000	10	10	SAA	0.9933351124375067	0.0	-1.0
1000	10	10	S-SAA	0.9745298783868707	1.0101010101010102	-1.0
1000	10	10	NW	1.0234916029151422	0.0	0.01
1000	10	10	HS-NW	0.9742800581424496	5.05050505050505	0.01
1000	10	10	NWbar	1.045592044629744	0.0	0.7660606060606061
1000	10	10	S-NW	0.9555419699287784	3.0303030303030303	0.6652525252525252
1000	10	10	SAA	1.013762068570322	0.0	-1.0
1000	10	10	S-SAA	1.0048602241505582	1.0101010101010102	-1.0
1000	10	10	NW	1.0687322745324195	0.0	0.01
1000	10	10	HS-NW	1.0112985026772505	1.0101010101010102	0.01
1000	10	10	NWbar	0.9949117658384027	0.0	0.6652525252525252
1000	10	10	S-NW	0.9735262050097968	3.0303030303030303	1.9253535353535354
1000	10	10	SAA	0.987294079408801	0.0	-1.0
1000	10	10	S-SAA	0.977929401025727	1.0101010101010102	-1.0
1000	10	10	NW	1.0298350883108796	0.0	0.01
1000	10	10	HS-NW	0.9755608882985514	2.0202020202020203	0.01
1000	10	10	NWbar	0.9639319742820605	0.0	0.6148484848484849
1000	10	10	S-NW	0.9548315295961273	3.0303030303030303	1.1188888888888888
1000	10	10	SAA	1.0172886268290424	0.0	-1.0
1000	10	10	S-SAA	0.9873345322212588	1.0101010101010102	-1.0
1000	10	10	NW	1.0572897685572806	0.0	0.01
1000	10	10	HS-NW	0.9912532144836063	5.05050505050505	0.01
1000	10	10	NWbar	1.0261781949666835	0.0	0.7156565656565657
1000	10	10	S-NW	0.9718227410114885	3.0303030303030303	1.2196969696969697
1000	10	10	SAA	0.9698728672303167	0.0	-1.0
1000	10	10	S-SAA	0.9685577158263615	1.0101010101010102	-1.0
1000	10	10	NW	1.022939503109724	0.0	0.01
1000	10	10	HS-NW	0.9596853341794531	3.0303030303030303	0.01
1000	10	10	NWbar	0.9694731326567265	0.0	0.6652525252525252
1000	10	10	S-NW	0.9494431132704214	4.040404040404041	0.060404040404040404
1000	10	10	SAA	1.013869875175784	0.0	-1.0
1000	10	10	S-SAA	1.0062885718955177	1.0101010101010102	-1.0
1000	10	10	NW	1.0195496399104582	0.0	0.01
1000	10	10	HS-NW	0.9721119623945682	4.040404040404041	0.01
1000	10	10	NWbar	1.0111417668982268	0.0	0.7156565656565657
1000	10	10	S-NW	0.9581027096115767	3.0303030303030303	0.5140404040404041
1000	10	10	SAA	0.98580077396623	0.0	-1.0
1000	10	10	S-SAA	0.98580077396623	0.0	-1.0
1000	10	10	NW	1.0369837440611276	0.0	0.01
1000	10	10	HS-NW	0.9820597853065195	2.0202020202020203	0.01
1000	10	10	NWbar	0.9875330980961007	0.0	0.6652525252525252
1000	10	10	S-NW	0.9682375007277146	3.0303030303030303	0.060404040404040404
1000	10	10	SAA	1.0181858034830231	0.0	-1.0
1000	10	10	S-SAA	0.9993138614226543	1.0101010101010102	-1.0
1000	10	10	NW	1.0456483664486034	0.0	0.01
1000	10	10	HS-NW	1.0060815912794412	4.040404040404041	0.01
1000	10	10	NWbar	0.9764363234403806	0.0	0.6652525252525252
1000	10	10	S-NW	0.9621626285538083	3.0303030303030303	2.0765656565656565
1000	10	10	SAA	0.9866407662137691	0.0	-1.0
1000	10	10	S-SAA	0.9746718987797578	1.0101010101010102	-1.0
1000	10	10	NW	1.025498911350802	0.0	0.01
1000	10	10	HS-NW	0.9864624051033847	1.0101010101010102	0.01
1000	10	10	NWbar	1.0288831302225374	0.0	0.7660606060606061
1000	10	10	S-NW	0.9602122552193163	2.0202020202020203	0.11080808080808081
1000	10	10	SAA	1.0019867233857684	0.0	-1.0
1000	10	10	S-SAA	0.9855834906916545	1.0101010101010102	-1.0
1000	10	10	NW	1.0418487083898522	0.0	0.01
1000	10	10	HS-NW	0.9685231771380337	3.0303030303030303	0.01
1000	10	10	NWbar	1.0052349922652997	0.0	0.7156565656565657
1000	10	10	S-NW	0.9518872798610803	2.0202020202020203	2.378989898989899
1000	10	10	SAA	1.030639040853699	0.0	-1.0
1000	10	10	S-SAA	0.9845441508067064	1.0101010101010102	-1.0
1000	10	10	NW	1.0264541376567125	0.0	0.01
1000	10	10	HS-NW	0.981684742496637	7.070707070707071	0.01
1000	10	10	NWbar	0.9925298685276528	0.0	0.6652525252525252
1000	10	10	S-NW	0.9758899553515743	4.040404040404041	0.7156565656565657
