Store,X1,X2,X3,X4,X5,X6,X7,X8,X9,X10,X11,X12,X13,X14,X15,X16,X17,X18,X19,X20
1,1,6,15,57,69,85,75,89,73,75,64,46,31,20,11,6,3,4,2,NA
2,33,64,32,49,95,79,88,57,45,50,61,41,19,9,7,2,1,2,1,NA
3,24,57,66,113,88,56,49,64,73,56,30,24,17,5,5,1,1,1,NA,NA
4,10,39,65,76,67,105,106,90,60,39,26,11,11,15,4,4,2,3,2,NA
5,32,65,20,7,23,85,78,70,70,71,45,52,31,20,22,19,11,6,1,2
6,11,38,36,58,76,62,47,59,79,54,58,39,45,28,17,12,6,1,2,3
7,2,11,26,51,72,90,102,92,76,53,52,39,24,20,12,6,7,1,1,NA
8,11,50,34,26,50,72,68,80,57,50,58,45,33,32,32,15,10,7,4,1
9,1,2,17,66,116,124,113,80,61,45,38,19,16,11,9,3,5,3,1,NA
10,4,3,16,51,104,110,78,77,78,65,42,29,17,21,17,11,7,3,1,1
11,2,8,22,53,100,102,94,78,77,64,47,24,21,13,14,7,4,2,3,NA
12,35,96,120,85,39,47,55,56,60,39,23,15,19,16,11,8,2,3,4,2
13,4,50,71,69,61,56,35,45,51,39,31,25,21,8,13,5,7,3,3,NA
14,23,68,32,78,123,88,96,85,53,26,30,20,3,2,1,1,1,NA,NA,NA
15,1,10,48,118,102,81,68,74,76,53,29,30,17,11,7,3,2,4,1,NA
16,17,38,41,33,52,80,76,82,65,49,45,47,27,26,19,18,5,5,2,1
17,58,54,10,22,94,101,62,51,71,63,27,37,31,20,16,9,4,2,1,NA
18,3,26,66,71,83,87,67,79,84,55,34,17,22,18,12,4,2,2,1,NA
19,1,17,51,54,76,103,67,69,72,77,40,27,21,25,18,4,5,1,2,NA
20,2,15,19,36,23,23,32,43,70,56,76,51,42,35,32,16,12,8,1,3
21,55,101,83,59,76,72,78,57,44,38,20,16,4,13,4,5,1,1,1,NA
22,11,31,61,57,64,58,57,44,50,36,32,25,23,17,11,6,6,3,2,1
23,1,4,14,58,115,92,70,46,76,72,55,31,24,17,16,13,9,10,3,4
24,5,54,158,106,82,91,94,43,34,22,13,11,6,5,2,3,1,NA,NA,NA
25,2,1,3,2,2,15,104,152,120,122,61,64,23,19,3,4,1,2,3,NA
26,1,1,16,58,84,107,79,57,69,89,62,23,19,15,19,18,12,3,1,NA
27,10,133,180,74,77,96,58,31,32,23,4,4,4,1,1,1,1,NA,NA,NA
28,3,11,78,66,121,158,116,71,47,22,18,6,2,1,1,1,NA,NA,NA,NA
29,1,1,15,75,105,106,90,89,82,40,32,19,21,12,14,13,6,2,3,4
30,1,1,2,5,29,65,76,81,66,97,85,56,59,23,21,21,19,8,7,6
31,10,34,64,79,79,83,94,81,65,47,35,22,12,12,6,6,3,2,1,NA
32,12,38,38,22,45,71,63,37,33,48,46,32,28,26,24,16,8,4,3,3
33,2,1,2,33,87,82,97,117,89,75,57,30,20,21,8,4,2,1,2,NA
34,6,48,70,74,82,81,84,81,55,28,30,24,13,21,13,8,9,5,3,NA
35,34,148,138,69,96,85,50,34,23,20,11,8,5,3,3,2,1,NA,NA,NA
36,1,8,18,31,56,57,92,82,71,44,47,26,19,20,16,8,1,1,NA,NA
37,12,27,49,77,38,50,70,79,84,91,48,43,21,17,9,6,4,2,2,2
38,3,22,79,92,53,51,99,100,75,41,27,23,15,16,14,8,9,1,1,1
39,6,58,95,152,71,77,77,53,37,27,29,22,9,9,3,1,2,2,NA,NA
40,1,2,1,6,28,62,87,100,108,87,108,57,38,23,14,2,2,1,NA,NA
41,2,7,20,45,80,76,75,82,64,48,32,22,11,15,7,5,5,1,1,NA
42,8,31,106,138,89,64,80,64,59,27,22,18,11,4,3,1,1,1,2,1
43,1,5,8,48,92,105,86,81,74,73,59,37,24,11,14,6,4,1,1,NA
44,3,14,61,61,99,89,63,62,54,58,46,32,23,20,18,13,5,9,3,2
45,1,5,20,55,63,53,62,84,104,86,69,40,29,22,17,10,6,4,NA,NA
46,1,32,86,88,67,63,68,65,44,23,18,17,10,6,5,3,1,1,NA,NA
47,17,64,89,98,87,52,60,60,68,43,37,18,14,7,9,5,3,3,1,NA
48,7,16,33,39,57,66,85,89,77,68,49,40,40,28,11,11,11,4,3,1
49,1,2,17,50,95,101,92,112,85,47,45,30,21,13,7,2,4,1,3,NA
50,1,4,28,65,76,58,73,94,89,87,38,33,19,25,15,11,6,4,4,NA
51,1,1,19,41,46,66,67,61,66,71,61,32,25,8,10,6,3,6,5,3
52,8,24,33,37,69,67,64,67,62,57,44,23,20,4,6,4,3,1,4,1
53,3,19,38,49,71,87,88,71,84,70,52,21,38,17,11,6,4,4,1,1
54,1,9,40,81,59,58,66,85,111,80,53,30,29,15,12,1,4,1,1,NA
55,12,16,53,44,67,75,85,65,45,48,50,53,26,24,19,16,17,3,9,4
56,1,3,25,30,42,62,66,68,73,73,83,62,46,38,23,17,8,6,2,4
57,1,15,119,213,153,102,57,27,18,10,3,1,1,1,NA,NA,NA,NA,NA,NA
58,25,83,100,89,90,73,43,28,22,10,9,12,5,4,1,2,2,1,NA,NA
59,34,75,9,16,87,123,104,103,63,34,24,31,16,9,3,2,NA,NA,NA,NA
60,21,35,49,51,114,89,69,54,68,54,39,26,21,16,6,6,7,3,2,1
61,2,20,89,122,160,130,93,57,33,8,6,4,1,1,1,1,NA,NA,NA,NA
62,2,4,22,67,26,17,28,84,89,79,83,73,29,38,30,23,19,10,7,NA
63,13,25,54,62,57,56,81,89,97,65,45,28,15,17,4,10,9,3,3,2
64,9,18,56,82,82,92,86,87,81,49,29,15,20,8,7,4,3,2,NA,NA
65,27,65,44,71,99,70,72,91,61,43,31,17,17,12,4,2,3,1,1,NA
66,10,29,53,64,70,112,97,89,65,39,47,17,14,10,6,5,1,NA,NA,NA
67,3,14,57,72,116,80,54,62,67,43,39,35,27,23,12,11,8,2,2,1
68,1,2,35,86,170,158,113,76,34,25,14,5,3,6,4,1,1,1,NA,NA
69,2,10,66,122,122,106,80,80,56,32,22,18,8,4,3,1,NA,NA,NA,NA
70,3,20,60,104,83,65,71,72,57,56,24,26,16,17,15,17,11,9,5,2
71,4,6,43,105,119,78,29,46,49,62,40,39,30,19,18,14,12,7,3,7
72,31,67,88,101,48,75,56,35,26,22,16,12,12,6,2,1,1,NA,NA,NA
73,13,41,42,20,9,25,57,81,87,71,71,61,34,33,29,22,19,11,6,3
74,5,9,22,78,131,82,82,65,58,43,34,31,23,17,18,10,5,9,2,3
75,1,17,44,80,92,125,121,88,50,42,26,20,8,9,4,4,3,1,NA,NA
76,15,32,50,85,78,80,67,45,38,23,16,13,12,13,12,9,5,2,1,3
77,1,1,18,76,89,92,96,127,90,40,22,34,24,11,6,2,2,1,NA,NA
78,4,8,36,34,95,83,79,47,61,83,60,32,25,26,17,12,13,9,3,4
79,11,62,113,102,66,39,56,54,49,39,27,20,20,19,18,11,11,6,3,2
80,1,1,9,41,59,69,61,67,100,97,90,42,28,23,17,14,9,2,NA,NA
81,2,1,13,17,44,65,60,71,66,50,42,49,48,26,18,14,5,3,4,NA
82,2,19,53,79,109,78,56,48,92,64,46,30,16,18,13,4,1,1,1,NA
83,1,1,2,4,11,33,78,93,95,87,63,60,51,40,41,22,18,12,8,10
84,2,1,10,57,128,113,80,64,58,56,42,25,29,23,13,15,5,6,2,1
85,8,37,162,137,126,117,73,45,31,16,6,16,18,29,18,13,13,9,4,2
86,1,2,3,9,50,196,93,70,76,81,54,32,27,23,8,2,1,1,NA,NA
87,12,48,38,15,20,44,78,76,104,77,65,46,28,15,25,17,12,8,3,4
88,60,55,8,2,25,120,93,60,79,75,39,36,29,19,17,9,2,2,1,NA
89,6,24,23,41,45,57,65,67,62,48,40,34,25,18,13,14,8,5,2,1
90,1,1,11,29,100,149,104,83,91,36,40,29,17,20,10,5,1,2,NA,NA
91,2,6,50,61,75,95,89,113,60,49,36,33,19,15,13,2,4,4,2,1
92,1,1,14,53,81,88,85,62,82,78,49,39,21,19,19,16,9,5,4,4
93,30,61,31,35,96,74,74,81,74,61,37,41,12,13,6,3,1,NA,NA,NA
94,23,145,137,80,55,96,64,30,24,26,24,16,6,1,2,1,NA,NA,NA,NA
95,2,20,35,50,46,67,77,79,62,61,47,41,38,26,20,22,15,10,10,3
96,42,74,7,9,81,133,74,66,63,50,34,37,24,15,16,4,1,1,NA,NA
97,4,49,54,41,75,91,52,47,65,71,53,36,23,11,22,13,14,6,3,1
98,7,35,62,85,80,92,77,90,60,43,32,20,12,13,11,5,1,1,2,2
99,1,2,18,58,77,74,70,75,61,49,42,28,22,8,6,3,2,1,1,NA
100,6,52,117,161,120,69,31,15,7,1,2,1,NA,NA,NA,NA,NA,NA,NA,NA
101,10,45,59,87,68,64,61,59,69,62,31,36,21,17,13,15,8,3,2,5
102,2,1,3,41,160,124,92,87,65,55,31,23,26,7,2,1,1,1,NA,NA
103,49,194,213,88,28,5,3,1,1,NA,NA,NA,NA,NA,NA,NA,NA,NA,NA,NA
104,4,8,39,56,70,76,91,81,66,42,70,52,34,22,9,5,5,2,1,2
105,68,133,221,154,77,38,9,1,2,1,1,NA,NA,NA,NA,NA,NA,NA,NA,NA
106,94,146,241,157,69,14,1,2,1,1,NA,NA,NA,NA,NA,NA,NA,NA,NA,NA
107,6,11,39,63,59,86,76,70,80,66,42,30,17,21,17,14,15,11,10,2
108,2,4,8,31,57,78,80,71,63,59,45,32,16,12,7,16,9,5,3,NA
109,10,34,82,96,85,84,60,60,69,41,23,26,23,14,10,11,2,3,2,NA
110,4,20,32,52,60,93,114,88,89,53,56,24,18,13,9,3,5,2,NA,NA
111,3,5,42,76,75,76,104,80,95,58,42,28,19,16,6,3,1,1,1,1
112,1,3,9,26,61,82,103,122,91,79,44,30,31,19,10,11,3,5,2,3
113,11,28,23,50,65,81,77,69,52,46,33,17,16,13,5,9,1,2,NA,NA
114,2,23,55,82,82,85,79,84,68,61,32,25,13,25,7,8,2,1,1,NA
115,1,1,4,20,42,65,64,80,59,60,62,42,40,22,13,12,6,2,2,1
116,6,23,83,82,81,85,78,82,63,39,28,21,18,19,10,6,3,5,1,1
117,1,11,33,46,32,30,61,79,78,70,65,62,43,33,25,20,17,11,10,3
118,1,1,11,59,106,75,100,127,79,51,26,20,17,16,16,10,10,5,1,2
119,19,59,93,99,79,82,76,53,43,35,24,24,16,21,8,2,1,1,NA,NA
120,2,50,138,140,99,108,67,43,34,29,12,4,3,1,2,NA,NA,NA,NA,NA
121,13,51,38,13,19,40,67,73,73,71,77,52,47,30,24,18,12,9,2,2
122,4,17,30,34,59,97,150,124,98,71,54,34,23,10,11,7,3,3,1,2
123,78,41,65,187,119,99,55,44,20,4,3,1,2,1,NA,NA,NA,NA,NA,NA
124,5,35,55,43,82,97,103,96,72,66,30,17,12,4,9,1,1,2,NA,NA
125,1,1,2,21,43,77,96,97,72,75,74,47,38,27,25,14,11,5,9,NA
126,7,132,248,186,81,37,11,10,4,1,1,3,4,2,1,1,1,NA,NA,NA
127,19,83,89,41,65,86,73,56,23,19,18,12,5,6,1,1,1,1,NA,NA
128,8,28,77,105,92,95,96,67,54,30,22,18,18,9,6,1,3,2,1,NA
129,6,12,60,90,90,64,56,60,36,45,25,21,12,10,7,2,1,1,NA,NA
130,10,41,78,91,104,91,75,73,53,33,31,21,9,9,2,2,3,3,1,2
131,1,12,40,67,124,112,103,72,67,48,33,14,10,10,10,4,3,NA,NA,NA
132,4,5,22,31,81,71,75,69,67,57,32,29,15,17,10,3,2,4,1,3
133,19,45,24,52,85,76,50,61,77,56,47,43,34,26,14,8,4,4,5,3
134,3,19,25,36,28,25,29,62,87,90,103,61,54,35,29,14,14,12,7,2
135,1,8,59,81,67,66,96,125,81,64,29,21,16,9,3,2,1,1,2,NA
136,4,13,26,81,91,87,73,45,45,29,35,21,12,9,6,4,5,3,3,6
137,1,1,3,6,20,98,116,83,78,65,52,33,22,12,5,3,NA,NA,NA,NA
138,24,78,19,2,11,73,102,96,69,68,62,39,30,24,17,11,3,1,1,1
139,2,9,34,50,47,82,74,61,51,58,46,30,24,15,8,1,2,1,3,NA
140,2,1,2,8,33,113,95,102,89,82,61,38,42,25,17,13,5,1,2,1
141,2,21,86,123,85,46,57,60,52,55,35,26,16,22,10,13,11,3,1,4
142,3,5,15,33,43,66,65,98,85,87,68,42,48,24,23,14,7,2,2,NA
143,14,63,99,103,64,67,82,62,38,31,25,22,18,9,17,10,3,1,1,1
144,2,1,1,2,9,31,73,92,59,71,74,70,42,32,14,15,7,3,3,NA
145,2,1,12,74,80,84,69,36,51,43,42,26,23,22,11,4,1,3,NA,NA
146,9,30,105,135,93,71,98,65,39,21,27,16,9,3,5,1,2,1,NA,NA
147,1,1,10,45,79,75,61,100,109,70,45,34,18,20,17,18,19,4,2,2
148,5,12,34,79,95,98,79,68,71,50,37,22,28,20,16,10,5,3,2,1
149,1,2,13,45,93,88,60,52,54,57,47,37,14,13,10,6,4,2,NA,NA
150,1,11,35,66,78,90,84,91,76,52,36,26,25,21,16,7,5,10,5,NA
151,1,1,1,21,114,127,97,85,95,71,37,23,20,19,11,3,3,2,NA,NA
152,1,3,7,69,42,59,118,69,37,54,55,45,47,36,24,28,14,13,6,3
153,13,33,72,51,105,72,43,34,43,54,51,55,22,27,21,9,11,8,3,3
154,2,2,10,44,87,112,90,106,68,55,43,28,13,20,16,20,6,7,1,2
155,2,9,42,72,64,54,70,96,64,40,29,27,11,8,4,2,2,1,2,NA
156,32,56,29,8,29,90,75,49,55,46,41,55,46,35,21,23,18,10,9,6
157,1,1,3,26,80,127,94,79,65,65,52,41,26,24,14,14,12,4,2,NA
158,5,22,42,61,64,83,80,96,80,75,51,34,11,10,4,5,3,1,1,2
159,5,29,58,81,82,66,48,49,51,35,25,10,16,12,14,4,9,3,1,1
160,4,22,57,73,100,72,57,59,59,44,65,28,23,24,19,12,10,2,1,1
161,1,1,1,4,32,76,113,123,102,93,63,34,42,22,13,7,3,NA,NA,NA
162,13,76,81,83,99,96,87,75,32,28,17,21,8,10,2,2,1,1,NA,NA
163,5,22,91,127,122,113,75,42,41,24,28,18,10,1,7,3,1,3,2,NA
164,11,64,90,95,66,56,64,45,27,21,24,18,8,3,4,1,1,1,NA,NA
165,7,24,37,61,76,65,62,43,47,39,39,38,24,12,16,4,1,1,2,NA
166,7,27,55,75,96,82,86,69,72,47,30,31,11,12,12,11,4,2,1,NA
167,25,55,35,31,92,101,46,52,49,61,38,39,36,29,17,12,8,4,1,NA
168,1,4,29,59,33,50,105,80,47,55,72,55,36,23,21,16,17,13,6,6
169,5,74,99,146,163,115,59,25,19,8,1,1,1,1,NA,NA,NA,NA,NA,NA
170,1,1,13,26,57,112,110,87,81,72,50,42,25,28,9,8,4,1,3,NA
171,7,42,81,104,92,48,59,64,63,31,34,18,23,11,10,15,15,4,8,1
172,10,30,59,86,86,104,74,43,34,20,21,6,7,3,2,5,3,1,1,3
173,13,60,105,93,67,63,69,76,52,27,27,23,31,11,10,5,2,1,NA,NA
174,3,10,18,35,48,62,61,65,71,61,44,32,33,15,12,10,4,6,3,5
175,1,7,37,107,84,97,105,120,64,40,37,16,12,6,2,NA,NA,NA,NA,NA
176,2,21,61,38,57,105,83,85,77,57,29,35,16,16,11,17,10,5,2,3
177,27,61,34,6,8,29,82,95,86,79,70,38,29,22,22,20,10,7,3,3
178,5,23,75,100,85,63,47,56,73,65,28,24,13,18,21,14,14,2,3,2
179,1,1,18,77,124,126,87,86,47,38,37,36,21,13,9,5,1,2,1,NA
180,14,37,84,69,58,82,83,86,64,37,27,27,22,13,9,7,5,5,4,2
181,20,56,36,59,96,56,31,65,45,41,29,21,17,11,9,2,2,1,1,1
182,1,1,3,15,39,77,96,80,74,96,82,49,34,26,20,16,11,6,2,4
183,1,33,92,156,147,89,31,22,8,1,2,1,1,1,1,1,NA,NA,NA,NA
184,1,1,6,25,110,133,83,85,93,65,32,30,17,18,15,6,4,1,1,2
185,10,35,80,67,87,64,77,66,57,51,40,27,22,20,10,12,3,4,2,1
186,5,11,60,67,86,70,59,68,43,43,28,18,14,19,4,1,1,1,NA,NA
187,12,43,39,41,60,58,79,77,68,53,38,32,44,28,19,23,12,6,1,2
188,9,41,92,75,57,75,66,75,75,35,34,16,13,20,16,12,10,5,1,3
189,1,3,1,1,12,52,116,94,82,73,93,74,37,40,21,20,7,2,1,NA
190,2,8,24,74,87,72,72,52,41,43,30,24,22,16,15,9,4,2,1,NA
191,2,3,12,38,35,51,55,45,72,57,59,47,31,27,20,25,8,6,3,2
192,4,8,29,62,72,61,63,55,63,39,18,32,12,23,19,17,13,3,5,NA
193,2,2,8,65,115,128,77,63,36,31,35,45,41,32,25,7,10,5,1,NA
194,15,38,57,93,104,108,98,72,50,31,18,18,6,10,4,2,2,1,1,NA
195,3,2,1,3,17,60,84,80,72,101,88,58,41,42,25,21,15,10,5,2
196,21,56,78,100,102,81,106,61,32,22,22,13,16,13,6,2,1,1,NA,NA
197,7,37,73,105,82,46,51,45,50,43,59,40,33,17,15,14,8,5,2,3
198,26,71,33,77,112,64,50,60,61,43,20,30,22,25,18,13,2,5,1,NA
199,3,4,19,66,77,75,97,90,89,58,45,34,17,18,19,9,4,3,3,NA
200,1,1,2,2,20,65,127,123,93,95,73,52,30,23,10,7,3,3,NA,NA
201,3,3,2,12,38,53,51,77,95,87,94,88,50,28,19,12,7,4,5,2
202,4,5,28,46,92,80,76,81,81,73,51,28,25,21,21,8,7,2,2,1
203,9,54,115,119,114,76,52,53,38,42,21,21,3,6,6,2,1,1,NA,NA
204,1,5,14,34,73,68,76,62,58,56,33,37,18,22,17,13,6,3,1,1
205,26,82,114,93,65,62,66,59,47,21,25,21,15,16,7,7,4,2,2,1
206,7,29,59,59,102,94,105,72,72,55,31,19,8,8,1,3,2,2,1,1
207,1,2,27,85,154,73,66,68,61,42,36,34,18,11,19,17,10,6,4,1
208,13,25,74,70,75,82,106,96,66,50,38,16,9,4,5,2,2,2,NA,NA
209,6,22,32,21,9,15,62,107,115,143,99,73,50,28,11,17,10,7,2,1
210,2,2,22,68,81,79,72,60,66,69,67,52,36,19,13,9,8,1,2,2
211,14,43,45,65,95,69,75,82,55,51,29,31,25,18,19,9,6,2,1,1
212,5,17,40,65,90,80,70,62,53,58,58,50,28,21,11,12,7,4,3,1
213,1,13,71,141,137,106,82,66,48,21,14,13,11,3,1,1,1,NA,NA,NA
214,3,1,3,4,41,93,64,76,108,112,76,52,29,32,18,9,4,1,3,1
215,2,11,53,67,55,37,64,70,53,48,50,26,11,16,17,4,6,2,5,NA
216,3,3,31,88,104,91,86,81,80,34,26,25,24,19,13,6,6,3,3,1
217,12,66,97,89,96,97,76,59,44,28,20,17,12,6,5,5,4,1,1,NA
218,14,24,26,25,9,6,14,32,81,76,72,52,39,45,27,33,12,6,4,1
219,13,17,35,31,26,25,37,58,72,82,84,64,43,33,34,26,25,13,4,8
220,4,55,168,146,96,93,64,46,31,16,5,2,1,NA,NA,NA,NA,NA,NA,NA
221,1,1,26,66,98,113,89,104,68,53,34,31,20,16,8,3,2,1,1,NA
222,17,47,47,52,83,82,59,80,54,57,44,29,25,17,16,9,6,5,2,4
223,13,64,140,107,66,81,80,54,34,30,19,19,8,10,3,1,2,1,1,NA
224,4,27,72,114,97,112,103,63,50,22,26,14,12,2,4,2,1,1,1,1
225,2,2,24,82,104,77,76,66,76,70,39,24,31,20,17,9,10,2,2,NA
226,4,32,70,97,86,75,62,73,47,54,46,27,13,18,13,7,4,3,1,NA
227,1,2,3,94,204,174,142,62,27,5,2,3,NA,NA,NA,NA,NA,NA,NA,NA
228,1,2,10,27,59,79,76,68,99,92,72,46,30,26,18,7,12,5,1,NA
229,1,1,2,24,114,121,100,91,82,71,49,28,21,11,5,6,1,1,1,NA
230,14,43,76,90,83,103,97,57,43,33,25,22,13,10,10,4,4,2,1,5
231,2,3,12,53,73,49,57,64,71,68,50,29,23,18,14,5,2,3,2,NA
232,1,4,38,179,197,141,103,35,14,4,1,NA,NA,NA,NA,NA,NA,NA,NA,NA
233,1,1,8,36,73,81,87,75,55,64,53,37,47,26,23,22,18,13,5,7
234,9,82,104,97,73,55,79,67,39,25,15,22,15,16,11,11,5,2,1,2
235,37,100,102,84,60,59,74,63,47,35,16,17,17,10,7,2,1,1,NA,NA
236,18,57,30,19,36,68,86,64,56,79,64,33,30,24,23,23,11,9,4,1
237,4,4,20,27,51,56,70,87,74,80,62,61,39,39,22,14,4,7,8,6
238,1,1,3,10,57,122,131,60,100,84,45,41,24,20,9,6,3,NA,NA,NA
239,3,3,21,57,91,85,86,108,88,60,44,24,31,13,6,5,1,3,1,NA
240,3,10,28,46,82,79,82,66,78,59,59,48,29,16,23,15,3,5,2,2
241,1,1,7,29,66,91,101,102,90,83,53,28,25,30,9,8,3,1,2,NA
242,27,73,106,106,75,55,71,63,45,25,11,19,17,11,8,9,4,5,1,1
243,20,74,85,75,50,32,47,45,27,30,22,24,20,16,13,12,4,1,2,NA
244,13,123,123,89,117,89,76,27,26,20,9,11,3,1,1,1,1,NA,NA,NA
245,1,2,13,35,78,101,132,103,73,72,37,34,19,16,7,5,1,1,2,NA
246,3,20,77,98,85,73,66,62,73,56,38,26,14,19,7,6,4,4,3,1
247,1,9,39,105,98,77,68,72,80,52,26,20,23,16,23,10,6,4,3,NA
248,3,3,38,84,119,96,80,84,63,40,36,23,17,17,11,8,5,2,4,2
249,10,50,92,107,84,83,87,47,65,31,25,15,15,12,5,4,1,1,1,NA
250,1,13,49,111,102,83,79,93,63,28,30,28,21,13,10,6,1,1,NA,NA
251,7,25,55,88,91,72,65,78,52,48,29,33,25,21,16,15,3,3,2,2
252,1,4,32,82,100,86,62,79,70,56,42,30,17,13,16,14,13,4,6,3
253,6,41,99,119,82,57,58,59,42,32,31,31,10,14,9,15,8,10,3,4
254,1,5,28,73,75,58,76,90,100,93,53,33,21,10,7,3,1,1,2,NA
255,1,2,28,80,78,83,95,104,81,66,39,29,17,10,9,5,3,NA,NA,NA
256,2,1,5,28,71,101,98,96,94,73,41,31,31,20,15,12,3,2,3,NA
257,11,20,50,34,28,69,58,72,86,74,74,57,39,25,14,5,10,5,2,2
258,1,2,6,22,75,83,74,82,81,52,47,22,15,16,8,8,3,1,NA,NA
259,1,1,1,3,22,63,70,144,192,155,87,49,34,19,15,7,4,3,NA,NA
260,1,4,18,27,60,71,98,84,105,81,55,38,25,24,16,12,7,5,3,1
261,37,100,139,93,21,39,71,71,52,30,22,7,20,14,7,4,1,1,1,NA
262,6,44,131,132,158,126,83,33,28,12,21,28,25,22,7,7,7,4,2,4
263,6,13,33,57,69,62,50,52,48,44,35,32,28,20,19,10,8,5,6,1
264,30,180,171,148,86,44,23,22,4,1,1,1,2,NA,NA,NA,NA,NA,NA,NA
265,4,37,59,25,43,109,76,58,74,50,49,37,28,23,15,18,6,11,5,3
266,20,36,33,35,54,93,96,85,90,50,46,26,20,15,13,8,6,3,2,NA
267,12,45,54,65,99,89,97,84,59,41,24,27,15,8,7,1,2,2,2,2
268,18,45,81,105,79,45,44,43,60,53,37,36,31,16,15,11,9,3,1,3
269,2,5,17,103,155,81,53,68,63,53,29,25,19,15,15,12,8,3,3,1
270,4,28,57,69,80,88,81,91,52,54,40,16,14,18,16,12,4,2,6,3
271,35,81,5,9,96,132,57,67,75,52,38,25,28,19,7,1,1,1,2,NA
272,33,71,51,116,89,53,48,94,58,37,27,23,15,7,7,1,1,1,NA,NA
273,4,25,96,145,85,64,71,76,40,25,22,21,17,16,6,7,5,2,1,2
274,9,18,36,197,207,136,67,23,11,19,17,29,28,26,22,13,4,2,4,2
275,14,23,31,39,51,72,68,51,44,51,47,32,24,15,13,8,6,3,2,4
276,18,30,45,29,14,32,60,90,66,70,69,62,45,32,19,26,17,5,1,1
277,4,27,63,82,75,67,48,46,41,43,32,28,16,9,8,3,2,2,2,NA
278,12,27,48,60,79,78,71,92,74,54,27,31,20,20,19,10,7,2,3,1
279,12,50,88,95,86,80,71,40,28,14,15,5,4,6,2,2,1,NA,NA,NA
280,2,1,1,4,32,52,93,112,124,104,64,55,30,22,13,12,4,3,NA,NA
281,16,37,60,70,73,112,109,81,58,47,20,24,9,9,2,2,3,1,1,1
282,2,10,27,39,45,75,93,68,65,58,60,64,40,28,17,20,14,7,3,NA
283,5,5,10,45,64,56,82,70,55,66,43,34,17,17,9,7,7,4,2,NA
284,2,23,50,78,46,40,40,48,75,63,32,23,30,15,11,7,8,5,1,1
285,1,3,29,58,67,87,76,72,84,77,52,51,39,15,12,2,6,1,NA,NA
286,14,32,68,23,42,78,95,52,34,47,68,49,45,24,17,7,13,12,7,3
287,1,8,17,38,56,52,59,52,49,51,52,41,46,24,24,16,6,4,1,1
288,3,3,17,49,77,70,82,65,59,45,42,21,17,16,9,8,8,3,2,2
289,1,7,21,62,67,98,77,103,79,63,51,30,18,14,16,11,6,4,2,2
290,4,5,55,56,58,107,82,65,71,63,41,33,19,25,19,15,5,5,1,1
291,15,44,41,30,68,81,57,70,82,59,52,26,18,15,22,17,13,10,7,4
292,3,100,124,279,141,61,6,1,1,1,NA,NA,NA,NA,NA,NA,NA,NA,NA,NA
293,3,18,50,133,105,54,56,61,53,53,22,30,15,24,13,17,15,7,3,2
294,4,39,44,28,29,59,71,67,74,59,55,51,40,34,26,23,16,5,6,2
295,4,4,15,40,89,111,106,96,75,52,42,34,30,14,5,7,3,1,NA,NA
296,8,25,47,47,61,74,82,51,53,58,54,35,28,29,23,24,9,16,4,4
297,9,33,72,100,106,51,37,51,69,56,38,22,13,14,19,21,8,6,2,1
298,1,1,5,15,35,40,50,80,82,93,44,47,33,23,16,12,14,4,2,1
299,12,14,36,74,110,124,116,98,65,62,47,26,16,17,6,2,1,3,1,2
300,3,4,24,59,79,103,87,98,79,81,40,30,15,13,3,5,2,3,1,4
301,6,15,45,80,79,63,76,67,72,72,51,39,29,15,15,3,4,2,2,NA
302,10,34,65,65,55,54,67,107,85,69,41,28,12,13,12,8,3,2,1,1
303,1,39,270,188,143,63,9,2,1,1,1,NA,NA,NA,NA,NA,NA,NA,NA,NA
304,8,29,58,77,100,64,68,69,56,61,33,30,22,21,12,9,7,6,2,3
305,4,17,49,77,89,84,65,75,61,67,43,25,14,16,12,12,12,6,1,3
306,8,20,37,24,23,41,35,66,56,56,51,44,33,31,23,18,18,5,3,6
307,2,17,39,40,47,58,72,56,51,56,66,51,48,40,27,31,16,9,4,3
308,16,121,147,83,103,67,50,45,32,20,16,11,3,1,1,1,1,1,NA,NA
309,1,6,56,147,119,53,51,46,71,52,38,25,14,24,10,10,4,2,1,NA
310,6,29,56,16,2,1,18,100,140,99,85,100,78,23,36,20,17,12,2,4
311,3,9,44,83,93,76,55,65,57,49,46,36,31,24,19,13,17,5,6,1
312,5,25,69,94,102,52,46,46,53,66,40,35,12,17,24,15,7,8,9,7
313,41,86,109,60,73,50,74,71,47,31,13,22,16,22,9,4,3,1,1,NA
314,3,2,18,63,81,102,83,62,83,65,51,36,19,21,19,10,7,4,1,NA
315,18,33,42,29,22,60,82,76,106,77,69,32,26,22,17,10,8,2,1,3
316,10,51,88,99,97,63,77,69,53,25,20,20,17,14,12,6,6,2,1,NA
317,2,6,32,53,62,43,61,64,70,60,51,40,16,19,7,7,1,1,2,1
318,9,55,86,79,77,55,79,79,77,50,25,17,16,14,5,3,4,1,NA,NA
319,16,26,61,67,76,79,69,82,69,54,40,34,21,16,11,4,4,1,3,2
320,1,3,2,15,46,111,85,95,80,65,53,50,30,26,21,12,14,15,8,3
321,2,12,26,58,54,68,69,77,90,86,81,38,24,16,13,10,2,3,1,1
322,31,80,12,8,52,116,97,70,76,59,32,36,22,20,15,2,3,1,1,NA
323,1,2,15,46,85,69,81,123,98,58,47,28,20,21,14,10,3,6,3,NA
324,28,69,24,15,58,111,107,81,42,50,27,33,40,13,21,5,3,2,1,1
325,3,4,12,44,62,89,71,59,51,62,50,44,49,40,27,23,21,11,6,2
326,1,7,26,51,77,73,68,86,102,85,48,34,23,19,14,7,2,3,4,NA
327,1,8,57,159,145,115,91,46,38,26,15,14,9,2,3,NA,NA,NA,NA,NA
328,4,7,33,38,33,17,44,82,85,79,68,65,41,46,28,20,18,12,8,2
329,2,8,50,49,65,102,68,73,63,80,59,34,29,21,19,6,1,1,NA,NA
330,1,1,2,5,44,92,94,94,109,97,72,46,33,22,7,5,3,1,2,NA
331,3,13,30,43,61,69,87,95,68,59,50,46,34,25,15,9,9,4,8,2
332,28,70,20,7,8,56,108,101,106,79,39,35,31,12,16,8,4,2,1,NA
333,4,18,36,89,120,66,55,47,71,43,50,45,26,28,19,4,5,4,3,2
334,6,15,52,87,88,88,81,74,63,49,47,30,15,6,17,7,3,1,1,NA
335,3,4,17,136,91,67,148,78,46,85,84,44,38,22,8,3,3,2,1,NA
336,3,4,53,162,125,70,71,66,50,48,43,21,11,3,1,NA,NA,NA,NA,NA
337,1,1,1,8,35,92,100,104,113,115,71,43,18,16,4,6,3,1,NA,NA
338,1,15,60,134,102,83,93,63,46,54,25,21,12,9,5,7,1,1,NA,NA
339,2,1,2,25,175,211,160,92,27,8,2,1,1,NA,NA,NA,NA,NA,NA,NA
340,11,29,80,105,80,59,48,56,62,51,37,33,15,18,13,14,9,6,5,4
341,1,3,3,30,82,128,101,73,76,63,46,38,24,25,17,11,7,1,1,NA
342,3,9,28,48,60,68,71,81,62,35,41,34,21,14,10,5,3,2,1,1
343,1,2,22,85,143,111,74,88,60,55,24,20,16,18,5,1,3,2,NA,NA
344,20,85,145,85,63,56,77,46,41,30,22,26,12,13,7,2,2,1,2,NA
345,7,12,44,48,55,75,62,58,45,31,35,25,24,22,18,15,8,6,4,4
346,1,3,1,9,52,88,131,107,110,76,54,47,24,13,9,2,2,1,NA,NA
347,1,1,3,19,60,94,98,110,108,85,68,29,15,14,8,8,4,2,1,NA
348,3,3,5,88,288,133,36,10,1,3,1,1,1,NA,NA,NA,NA,NA,NA,NA
349,7,116,238,165,88,22,8,4,1,1,1,NA,NA,NA,NA,NA,NA,NA,NA,NA
350,4,33,86,81,100,107,105,87,49,27,20,20,6,2,1,2,1,1,NA,NA
351,8,42,73,87,92,72,67,68,48,41,28,28,19,17,11,13,9,4,1,2
352,2,21,53,65,99,126,90,99,60,45,20,20,13,7,8,3,2,1,1,NA
353,1,9,26,49,83,153,166,151,86,45,38,23,16,13,6,4,NA,NA,NA,NA
354,1,15,55,85,72,53,98,97,85,49,37,26,19,19,10,5,2,2,NA,NA
355,11,38,35,57,71,77,83,70,78,57,43,30,22,24,15,7,8,4,1,4
356,2,2,19,38,73,89,100,96,95,70,50,30,22,20,4,7,3,5,2,1
357,1,1,102,253,189,90,52,21,5,1,1,1,2,NA,NA,NA,NA,NA,NA,NA
358,11,45,82,86,81,73,86,68,52,30,22,14,19,11,16,15,5,8,2,4
359,1,3,5,27,61,65,98,112,116,101,47,48,17,13,5,5,5,1,NA,NA
360,11,42,60,86,85,61,51,57,63,58,46,20,25,21,15,15,8,5,2,4
361,16,32,62,70,52,65,66,64,70,72,61,34,21,6,18,8,5,4,1,4
362,11,48,61,100,88,79,84,61,49,38,26,19,20,20,13,7,5,2,1,NA
363,1,4,30,83,105,74,78,79,83,49,38,20,35,18,7,14,4,10,2,1
364,2,14,46,109,86,130,109,110,68,34,8,1,1,2,1,1,NA,NA,NA,NA
365,1,1,11,52,84,52,53,71,84,57,39,31,24,20,3,3,5,5,1,NA
366,29,64,23,15,63,100,81,97,68,46,32,26,34,19,9,12,8,3,1,1
367,1,1,11,59,87,98,76,61,78,93,51,22,23,20,10,16,11,9,6,2
368,1,3,35,119,114,73,51,68,83,51,32,20,25,11,13,18,6,3,2,NA
369,1,9,11,36,64,61,59,85,87,88,67,57,40,28,20,8,5,3,2,1
370,15,78,82,105,111,85,78,65,44,24,17,11,5,7,1,1,1,NA,NA,NA
371,4,17,45,86,81,72,67,84,71,47,46,23,18,19,18,13,12,6,1,2
372,2,17,104,114,128,105,75,73,35,23,20,11,15,2,3,2,1,NA,NA,NA
373,2,10,22,67,79,94,95,112,71,65,44,30,9,9,8,1,4,3,1,2
374,26,55,27,14,21,62,81,68,80,88,49,49,27,27,24,15,9,7,4,2
375,26,74,18,32,112,90,50,87,74,43,38,36,18,17,8,4,2,1,1,NA
376,1,1,52,199,135,118,99,48,38,25,6,1,1,1,NA,NA,NA,NA,NA,NA
377,6,34,84,125,90,95,79,56,53,42,29,18,8,6,4,2,1,1,1,1
378,7,12,41,75,69,91,83,83,69,41,37,32,21,13,21,10,10,9,3,3
379,1,23,75,109,94,79,56,79,63,41,21,25,22,20,9,8,4,3,1,2
380,3,26,51,88,81,60,56,61,64,60,50,36,30,20,18,15,4,4,2,1
381,10,53,43,12,9,15,62,90,98,88,82,39,35,27,25,20,15,7,1,NA
382,10,70,106,83,57,41,38,65,53,64,44,18,17,20,14,12,9,5,3,2
383,3,4,18,58,68,71,74,86,85,85,56,32,34,16,19,11,6,3,2,NA
384,9,43,49,32,63,109,104,89,68,46,29,31,24,10,13,5,3,3,3,NA
385,2,2,27,65,56,46,43,67,77,59,43,27,21,24,16,10,4,4,3,2
386,27,75,104,120,110,63,45,56,39,34,11,17,9,4,7,3,3,2,1,NA
387,1,3,8,102,162,73,81,81,63,51,27,33,21,5,3,2,1,NA,NA,NA
388,5,24,82,150,76,54,52,57,58,35,32,25,14,13,21,11,8,7,3,3
389,1,1,9,23,63,41,71,90,90,79,77,54,36,45,25,12,11,5,1,1
390,3,9,31,84,117,85,59,75,57,55,38,33,20,18,15,13,12,3,2,2
391,1,3,75,54,155,151,138,59,48,22,7,4,1,1,NA,NA,NA,NA,NA,NA
392,13,57,46,36,100,97,62,75,53,53,36,19,19,12,10,23,7,5,3,4
393,1,2,2,32,116,144,158,130,58,32,22,21,7,3,1,1,NA,NA,NA,NA
394,1,2,4,12,51,81,55,72,110,98,76,61,42,30,13,11,8,3,2,NA
395,3,3,26,55,32,47,76,96,103,70,67,56,33,29,15,9,5,3,1,1
396,22,59,34,13,26,94,95,87,64,52,46,40,25,27,17,17,8,4,1,NA
397,1,2,4,32,120,126,89,57,59,55,46,30,35,24,19,12,12,3,4,NA
398,1,3,30,93,90,84,90,92,78,74,34,27,12,15,5,2,1,1,2,1
399,1,1,1,2,12,58,119,102,78,69,64,29,26,18,10,2,1,2,2,1
400,5,44,71,133,118,58,70,75,40,31,32,16,24,8,3,2,1,1,1,NA
401,35,73,13,7,61,109,124,84,77,43,38,22,17,14,5,4,2,2,1,NA
402,3,17,46,65,67,85,81,96,75,61,51,25,16,15,12,6,5,2,1,2
403,1,1,18,40,42,44,66,85,81,88,70,54,42,34,23,19,10,5,7,NA
404,1,28,79,47,151,145,107,71,54,16,6,4,1,NA,NA,NA,NA,NA,NA,NA
405,22,101,173,74,41,56,75,53,35,24,15,21,12,14,5,5,3,1,NA,NA
406,8,6,27,56,67,100,74,78,79,67,58,33,27,13,16,5,9,2,3,2
407,1,3,6,37,50,69,63,77,87,64,50,31,25,15,6,3,7,2,2,NA
408,9,29,68,82,61,46,65,93,80,50,41,28,18,15,18,9,3,9,1,3
409,2,9,73,103,99,112,114,71,56,43,26,12,4,4,1,2,1,NA,NA,NA
410,3,1,1,5,50,138,118,56,48,58,65,54,29,25,23,17,14,10,11,4
411,4,23,51,74,63,54,98,96,72,62,27,25,18,18,13,9,14,5,4,2
412,4,14,43,66,77,65,68,48,45,54,26,25,28,20,4,3,6,1,1,NA
413,1,1,15,24,47,47,69,57,76,69,48,43,34,20,22,13,8,3,1,NA
414,1,2,23,47,78,72,90,108,82,73,52,46,19,16,6,6,3,4,4,NA
415,1,3,2,1,8,21,68,91,132,143,96,65,49,22,16,6,5,1,1,NA
416,26,37,76,119,91,64,66,63,51,29,29,14,23,18,13,8,6,1,1,NA
417,3,13,43,111,119,89,96,64,65,30,44,23,11,10,7,2,NA,NA,NA,NA
418,5,36,64,30,71,85,57,47,64,67,58,37,31,24,18,13,8,5,4,3
419,7,32,87,112,102,69,75,78,42,37,25,19,19,17,6,4,1,2,1,NA
420,1,1,3,19,43,67,90,73,84,60,50,39,17,18,13,11,3,3,1,2
421,6,34,71,98,108,110,79,70,43,39,27,17,13,6,4,5,2,2,1,NA
422,10,19,44,76,76,86,86,75,81,50,40,26,20,16,12,6,2,6,2,2
423,6,6,6,37,66,111,116,117,109,92,47,51,33,22,27,10,9,7,5,3
424,20,101,127,161,104,88,49,30,24,11,3,3,4,1,2,1,1,NA,NA,NA
425,3,2,17,47,53,67,102,107,104,59,62,36,31,17,9,6,2,1,1,1
426,3,2,5,53,148,124,70,65,44,53,44,35,35,20,16,5,4,4,NA,NA
427,33,148,106,45,57,55,42,33,25,19,12,8,4,3,4,2,1,1,1,NA
428,5,7,35,43,68,90,86,77,57,40,24,17,17,16,4,5,5,1,1,NA
429,1,2,1,13,50,67,92,83,86,71,36,32,28,11,9,7,5,2,1,1
430,1,6,16,31,54,50,66,88,80,59,45,23,23,18,16,10,3,4,3,2
431,4,17,48,75,102,91,82,76,76,46,37,23,19,10,10,4,4,4,1,1
432,11,13,41,29,20,25,59,94,77,66,96,55,57,27,30,15,13,2,3,2
433,7,16,42,12,1,4,39,63,65,111,102,99,75,56,43,27,25,11,13,2
434,2,1,10,35,55,60,65,81,70,79,55,50,13,7,10,2,1,1,1,NA
435,2,4,24,32,62,70,89,92,86,67,57,43,32,17,14,13,12,7,4,3
436,13,66,80,89,63,70,86,72,50,42,23,19,24,15,9,4,3,1,2,NA
437,13,40,68,71,85,68,81,85,57,42,40,23,24,13,6,4,3,1,5,2
438,44,119,155,75,76,85,63,37,23,17,15,9,2,4,2,1,1,2,1,NA
439,5,26,97,99,99,54,69,76,53,30,24,22,12,15,13,12,15,3,8,3
440,1,8,32,50,61,83,70,72,59,57,64,48,34,32,28,8,7,8,4,2
441,3,6,41,70,75,65,79,86,82,67,57,36,22,13,11,6,5,3,3,NA
442,9,51,88,83,28,39,81,90,88,55,35,26,18,13,11,6,5,1,1,NA
443,4,33,76,99,64,58,45,51,71,57,48,31,22,18,16,11,14,5,7,1
444,1,1,33,64,88,123,106,107,67,38,39,23,18,12,4,2,1,1,NA,NA
445,3,1,5,19,70,111,125,110,100,84,37,39,10,6,2,3,1,1,NA,NA
446,2,6,59,51,34,72,108,68,82,64,52,42,29,16,21,12,8,2,1,1
447,9,26,41,68,90,94,74,80,56,51,31,19,16,21,20,14,9,6,6,4
448,6,10,46,47,31,67,94,77,75,71,55,40,27,24,19,11,12,9,7,2
449,1,8,62,91,117,89,76,61,59,57,35,24,29,13,3,5,1,1,NA,NA
450,12,28,57,52,53,53,66,75,82,65,57,40,27,23,14,11,5,5,1,2
451,1,2,1,9,59,133,141,122,112,56,43,27,12,5,2,1,1,3,1,1
452,11,39,63,88,73,55,75,78,74,43,55,35,19,9,7,1,5,2,2,1
453,8,17,24,62,120,142,115,94,81,46,34,26,27,15,8,7,4,3,1,NA
454,22,75,23,3,2,13,78,102,83,88,64,61,33,27,26,17,10,3,1,NA
455,3,1,9,30,62,87,83,100,82,69,56,55,37,20,16,5,8,3,2,NA
456,3,1,24,87,126,87,80,67,65,45,43,25,23,23,10,14,3,3,1,NA
457,2,2,9,42,58,79,97,70,66,55,27,30,25,16,9,4,1,2,2,2
458,1,6,42,103,62,84,83,79,62,69,68,36,17,11,2,2,2,2,1,NA
459,24,37,47,78,82,68,42,34,50,43,43,34,32,31,19,20,28,13,4,6
460,20,57,36,23,48,91,84,57,87,64,40,31,27,25,14,13,8,4,1,1
461,2,1,11,56,71,84,83,96,92,74,58,35,23,20,6,4,5,4,3,NA
462,9,50,47,13,12,50,91,103,93,76,39,43,42,23,18,10,10,1,1,NA
463,4,12,57,47,45,71,72,71,89,50,55,34,29,25,22,21,11,7,3,5
464,15,32,70,74,92,100,89,71,67,37,35,19,19,6,3,4,2,NA,NA,NA
465,2,8,27,72,75,75,74,89,87,61,47,31,13,18,22,14,7,6,2,2
466,3,7,69,44,40,98,83,60,55,74,67,44,26,26,17,11,3,2,1,NA
467,1,1,1,6,30,64,105,99,114,78,63,41,42,31,21,17,10,6,NA,NA
468,19,60,100,134,116,102,61,51,33,22,16,13,3,3,1,1,NA,NA,NA,NA
469,8,45,79,67,52,88,92,77,71,38,30,25,17,14,11,11,3,5,1,1
470,2,1,2,18,64,83,78,91,105,86,61,44,42,28,11,6,3,2,NA,NA
471,1,1,12,28,40,60,62,75,69,70,53,37,26,20,20,8,6,5,3,2
472,12,55,112,97,94,77,77,65,48,31,23,11,15,6,6,1,2,1,1,1
473,8,11,30,49,82,88,71,61,53,56,65,36,39,23,20,12,15,6,2,3
474,3,19,52,45,69,91,64,51,68,86,67,26,19,15,25,22,9,1,1,NA
475,1,2,2,7,42,91,83,78,91,104,72,37,34,35,29,12,7,NA,NA,NA
476,23,75,21,5,11,77,100,76,78,79,55,31,22,26,16,19,10,4,2,1
477,8,23,40,47,76,74,69,50,50,35,31,27,20,11,19,6,7,1,2,2
478,28,46,63,79,84,58,62,70,59,54,34,18,22,12,14,11,10,5,2,4
479,2,1,2,19,53,41,53,73,84,65,96,43,43,51,28,33,19,17,4,6
480,17,58,38,8,20,57,97,73,87,70,50,36,43,23,21,19,9,5,3,1
481,1,2,11,50,88,88,99,78,74,64,52,44,18,14,16,16,10,1,3,3
482,18,59,66,68,71,105,83,74,57,47,32,18,13,7,4,6,2,2,1,NA
483,61,47,8,7,23,50,83,109,84,59,43,39,45,35,18,9,6,1,2,2
484,17,43,80,76,82,95,85,87,72,48,23,11,4,3,2,2,1,1,2,1
485,2,1,8,40,59,85,65,79,64,58,44,32,26,14,6,5,7,2,1,NA
486,12,63,88,142,74,108,90,53,28,24,23,16,3,2,2,1,1,NA,NA,NA
487,3,13,51,64,47,66,62,80,79,75,56,46,26,23,15,10,6,6,2,5
488,3,17,33,79,87,86,80,73,56,48,49,31,18,18,18,15,12,6,3,3
489,68,49,10,69,133,71,49,75,52,50,37,29,15,12,5,3,2,1,1,NA
490,1,1,12,36,75,66,79,73,84,49,50,35,19,13,3,1,1,NA,NA,NA
491,2,4,29,69,84,80,73,96,83,61,43,22,16,24,15,13,9,1,3,1
492,46,162,137,101,64,40,24,8,5,1,1,1,NA,NA,NA,NA,NA,NA,NA,NA
493,4,22,103,125,121,108,98,40,46,24,11,15,5,1,3,3,1,NA,NA,NA
494,2,1,18,56,47,60,138,85,72,93,104,71,50,39,22,14,5,2,1,NA
495,4,24,58,104,102,62,51,79,72,49,26,29,24,12,10,8,8,1,2,3
496,12,60,88,85,81,62,87,75,42,31,25,17,9,13,16,12,4,8,3,5
497,1,1,11,25,79,120,95,67,68,68,60,48,43,17,22,4,3,NA,NA,NA
498,3,7,29,34,78,66,77,68,54,38,54,46,23,10,4,6,1,NA,NA,NA
499,1,1,13,54,90,94,103,100,84,64,27,38,26,16,4,5,4,3,1,NA
500,2,7,16,35,49,81,66,67,70,70,34,32,25,19,7,9,5,2,2,NA
501,3,1,1,16,38,63,66,76,61,62,65,41,46,22,14,10,5,5,3,NA
502,28,159,174,135,107,60,30,18,10,1,1,1,1,NA,NA,NA,NA,NA,NA,NA
503,2,15,74,101,128,98,85,99,52,35,18,11,6,3,2,1,1,NA,NA,NA
504,6,36,79,133,120,94,80,48,35,21,17,21,15,7,12,3,1,2,3,2
505,1,1,2,17,53,96,111,67,68,57,65,51,41,33,16,19,15,7,6,2
506,8,33,90,118,88,59,51,63,53,42,34,22,20,17,8,11,9,2,1,1
507,39,91,86,120,105,107,59,37,27,18,19,7,9,1,2,2,1,NA,NA,NA
508,3,25,108,159,125,89,87,55,23,24,11,9,4,3,1,1,NA,NA,NA,NA
509,15,71,85,112,86,58,74,75,42,41,28,24,4,6,9,1,1,NA,NA,NA
510,2,7,30,52,36,52,85,79,66,82,74,49,30,37,19,16,7,6,1,NA
511,3,8,26,42,63,82,93,95,93,63,54,29,20,13,20,12,7,8,2,2
512,1,1,1,4,38,71,138,121,114,91,42,35,20,14,8,7,3,1,1,3
513,3,9,17,50,69,72,84,83,75,77,56,36,27,30,14,14,4,7,6,2
514,1,3,43,112,103,74,46,54,52,28,24,20,18,5,5,4,2,3,1,NA
515,1,2,7,39,55,75,63,58,92,86,71,76,44,24,12,9,5,7,2,2
516,3,7,40,106,120,79,47,66,56,46,39,27,24,23,22,11,5,4,3,2
517,93,152,160,154,76,44,22,4,1,2,1,1,NA,NA,NA,NA,NA,NA,NA,NA
518,10,80,92,54,101,102,67,33,23,11,12,7,2,2,1,1,1,NA,NA,NA
519,4,13,56,74,65,80,94,98,67,61,34,27,18,14,10,5,8,5,1,1
520,3,14,32,42,65,79,74,84,66,65,52,44,30,27,24,10,12,5,4,3
521,2,3,5,25,58,73,102,99,98,85,78,45,26,11,10,5,3,1,1,NA
522,1,6,22,62,68,67,92,84,65,46,35,20,11,3,4,2,5,1,4,1
523,2,19,76,66,87,93,81,62,61,59,43,18,15,25,16,9,1,2,NA,NA
524,4,53,32,2,2,2,4,61,135,136,118,94,78,35,32,24,16,2,1,1
525,1,7,18,47,32,54,70,65,79,96,59,61,43,35,19,19,14,3,6,6
526,1,1,3,44,62,73,105,58,56,51,63,47,24,20,31,35,22,15,17,5
527,1,1,1,1,3,25,67,91,85,107,93,99,52,38,27,18,9,9,5,NA
528,53,135,126,44,41,63,91,43,37,29,22,17,8,9,7,1,2,1,1,NA
529,1,1,25,42,85,94,87,67,78,73,49,43,21,16,21,15,7,4,3,3
530,4,23,74,103,99,88,96,106,69,59,37,43,16,14,9,4,4,1,2,NA
531,5,18,40,67,86,92,92,73,74,45,50,29,15,16,12,9,7,2,2,1
532,5,1,1,1,1,5,31,110,121,121,115,84,46,42,25,12,4,5,NA,NA
533,15,50,69,106,81,101,71,57,48,38,33,22,8,5,10,7,1,4,1,1
534,7,54,78,78,91,76,62,52,38,24,16,9,4,6,1,1,1,1,NA,NA
535,4,3,1,6,37,62,37,69,95,89,58,81,44,36,31,28,19,13,10,7
536,10,42,53,62,85,84,67,70,56,49,41,33,22,18,17,13,1,5,1,1
537,4,25,87,129,123,88,79,73,42,32,24,12,3,1,3,1,1,1,NA,NA
538,16,54,36,29,57,76,113,94,62,61,44,26,19,15,19,10,2,1,1,NA
539,4,5,21,41,45,52,64,56,52,50,50,37,57,23,18,11,6,5,1,NA
540,1,6,32,91,92,99,71,69,43,32,17,15,10,8,6,3,2,1,NA,NA
541,18,97,120,95,110,76,61,37,30,22,25,12,7,11,3,4,1,1,NA,NA
542,4,17,44,88,85,61,60,51,46,34,31,32,17,15,5,2,3,2,1,NA
543,4,60,154,139,43,35,80,69,58,33,24,13,9,3,5,1,1,1,NA,NA
544,10,47,70,105,93,81,77,52,52,36,26,26,24,9,14,3,3,1,2,NA
545,13,69,137,94,43,41,33,54,62,45,35,21,22,18,16,13,6,6,1,1
546,3,28,72,69,102,77,79,74,61,34,33,33,25,15,11,10,7,1,1,NA
547,5,8,31,39,75,84,99,74,54,49,19,22,11,14,5,3,2,2,1,1
548,1,4,171,199,154,94,60,25,5,1,1,3,1,1,NA,NA,NA,NA,NA,NA
549,4,6,32,65,70,65,79,74,92,57,62,44,26,26,15,8,5,4,1,NA
550,1,1,2,9,30,69,77,72,75,97,82,70,57,39,17,15,6,3,7,3
551,22,54,83,109,97,92,66,57,40,32,24,15,10,13,9,4,2,3,3,NA
552,52,80,152,98,27,48,77,68,35,28,19,18,10,11,5,2,1,1,NA,NA
553,21,48,71,98,89,89,73,52,31,37,33,29,25,15,10,3,1,1,1,1
554,2,17,35,56,97,101,114,87,79,54,34,25,14,11,3,2,2,1,1,NA
555,1,11,34,47,66,66,70,64,56,57,37,32,18,17,9,8,3,2,1,NA
556,2,5,25,56,96,116,87,82,60,45,34,26,23,26,26,12,5,4,2,2
557,1,1,2,19,87,131,120,89,71,52,57,29,23,15,20,7,4,1,NA,NA
558,8,15,45,71,70,92,64,69,59,53,47,50,29,14,21,8,10,4,5,1
559,28,78,16,2,10,63,114,80,72,80,48,28,30,24,21,17,9,6,3,2
560,1,1,21,106,104,134,150,77,48,24,16,10,3,1,2,NA,NA,NA,NA,NA
561,1,5,34,64,98,71,60,65,57,74,54,44,26,19,22,11,16,7,2,NA
562,1,1,1,12,31,43,47,56,91,96,119,116,95,86,35,25,16,4,4,1
563,1,3,7,23,58,93,118,114,101,69,40,45,13,17,11,8,1,1,2,2
564,3,5,10,36,78,71,103,132,96,71,45,23,15,15,13,8,4,1,1,NA
565,5,8,58,117,129,60,53,79,56,47,25,26,17,19,15,10,3,2,1,NA
566,7,44,81,96,92,67,73,67,54,49,41,25,13,11,6,5,2,1,1,NA
567,17,48,75,99,99,67,75,76,51,32,29,24,14,11,6,2,3,1,1,NA
568,3,5,18,61,92,85,72,89,69,92,59,39,16,12,4,5,8,2,1,NA
569,4,8,25,32,28,16,17,50,73,89,81,99,70,56,30,25,9,12,7,4
570,2,4,2,28,97,126,126,92,67,57,41,27,24,12,8,4,4,2,1,6
571,2,11,28,63,71,70,72,53,51,54,46,37,23,5,6,4,1,1,NA,NA
572,20,85,117,119,76,83,80,52,28,21,20,11,5,7,2,1,NA,NA,NA,NA
573,6,14,40,61,81,70,48,39,46,31,39,31,31,22,19,10,5,3,1,1
574,3,2,40,61,88,79,77,96,75,44,41,30,31,19,11,9,9,7,4,2
575,65,51,141,70,29,71,61,35,22,18,9,11,8,3,2,1,1,1,NA,NA
576,14,60,104,78,67,88,83,75,28,34,25,19,30,11,7,6,3,1,1,1
577,4,14,32,78,92,108,87,68,59,57,41,20,23,22,11,9,5,2,1,2
578,8,3,14,34,45,66,86,108,133,99,82,66,34,18,29,10,4,3,5,1
579,15,56,84,78,73,92,99,64,47,27,33,18,13,11,11,3,3,2,1,NA
580,2,4,13,45,79,111,119,105,70,62,41,23,20,20,10,5,2,2,2,NA
581,14,55,48,16,41,98,80,51,40,58,55,40,30,26,30,11,11,13,9,4
582,1,1,3,10,38,119,109,82,66,62,61,55,37,27,25,15,14,5,2,1
583,20,44,43,77,70,89,91,86,73,39,20,14,22,21,15,5,1,1,NA,NA
584,5,29,56,82,78,85,79,83,69,51,31,31,22,13,9,4,2,2,1,NA
585,13,69,61,82,101,85,81,57,54,47,30,20,13,7,4,5,1,2,1,2
586,1,3,15,72,91,76,68,75,83,81,65,44,22,14,10,3,1,1,2,NA
587,1,2,5,16,38,65,79,84,70,74,59,42,18,14,9,12,2,4,3,2
588,3,3,35,88,85,95,85,82,84,64,33,30,14,18,9,3,2,1,1,NA
589,9,66,93,178,99,121,77,36,15,11,1,1,1,NA,NA,NA,NA,NA,NA,NA
590,15,15,53,67,81,82,87,83,67,55,45,23,20,15,6,6,3,4,1,NA
591,8,23,41,59,61,78,56,73,62,68,55,39,35,23,13,13,12,4,4,1
592,4,6,30,50,31,41,58,79,78,59,68,67,53,38,27,19,16,2,2,2
593,1,3,11,39,91,107,87,82,70,59,61,36,39,19,12,13,2,1,2,NA
594,13,48,45,22,8,25,51,75,92,97,66,65,32,25,24,18,13,9,5,2
595,8,48,76,78,70,97,93,86,51,27,28,18,20,14,6,4,6,3,1,1
596,2,6,20,58,73,88,87,95,77,53,45,37,24,31,21,12,4,1,1,NA
597,2,1,1,8,16,69,117,125,117,79,60,47,40,29,12,5,1,1,NA,NA
598,5,10,30,45,33,54,54,71,50,46,51,38,31,26,19,21,8,2,2,2
599,3,4,28,52,61,64,55,70,63,75,55,47,46,33,29,16,18,7,4,5
600,12,37,71,85,99,106,94,69,44,43,25,16,13,8,5,3,1,1,1,2
601,1,2,11,55,102,98,113,114,97,57,37,21,10,5,4,2,1,2,NA,NA
602,1,1,1,1,7,37,87,111,92,55,63,69,52,40,32,34,30,10,4,5
603,15,39,114,126,66,55,41,53,52,41,45,23,17,13,7,2,1,1,2,2
604,6,15,27,45,72,59,72,68,56,44,25,32,25,20,12,3,7,6,2,2
605,1,12,49,95,112,106,87,90,64,42,32,14,14,4,3,2,1,1,NA,NA
606,7,22,40,49,49,87,69,65,64,66,51,41,37,33,17,14,8,10,3,3
607,18,71,29,12,44,122,76,43,61,62,56,32,29,26,16,14,11,9,2,NA
608,24,75,22,24,85,125,82,82,55,42,36,29,18,15,8,3,2,1,2,1
609,1,4,44,55,16,42,64,107,104,112,64,47,32,20,15,5,1,2,NA,NA
610,2,12,51,107,112,72,74,79,54,44,31,18,16,17,12,13,8,4,3,1
611,4,1,7,27,45,75,70,86,73,58,44,28,25,18,21,7,4,3,1,1
612,6,28,67,73,74,95,83,65,43,35,12,7,4,3,1,1,1,1,NA,NA
613,3,38,88,87,94,100,85,66,45,30,24,23,16,14,11,3,4,2,NA,NA
614,13,28,54,73,93,86,78,76,55,47,42,28,30,14,10,3,1,NA,NA,NA
615,1,1,1,5,39,94,113,84,95,79,61,45,36,25,19,13,9,8,4,NA
616,3,34,62,62,96,83,73,56,86,59,45,27,16,16,9,1,1,1,NA,NA
617,31,69,18,11,32,88,73,82,90,85,49,29,22,21,12,10,5,1,3,NA
618,1,3,7,33,67,85,98,108,84,87,68,24,25,19,11,6,2,4,NA,NA
619,18,49,25,16,50,79,62,33,29,53,45,37,24,19,15,14,15,9,4,2
620,3,3,12,39,53,56,73,67,53,71,62,36,30,20,9,4,1,3,2,1
621,4,2,3,12,56,116,127,64,58,62,63,52,42,29,19,10,8,2,1,NA
622,17,43,34,32,59,60,73,69,76,63,72,39,23,22,29,9,6,6,2,1
623,2,1,2,13,94,155,182,141,70,36,18,2,1,1,1,NA,NA,NA,NA,NA
624,5,47,52,24,45,66,93,79,80,67,53,30,15,22,9,18,9,13,2,1
625,1,3,34,100,123,92,59,64,69,59,38,19,26,18,11,8,5,1,NA,NA
626,15,48,89,89,79,52,65,68,55,51,22,23,13,21,14,9,9,4,1,4
627,1,2,36,81,73,59,78,93,94,75,53,23,19,17,15,7,3,3,NA,NA
628,22,50,43,82,99,83,74,75,54,46,29,23,14,14,4,9,5,4,4,1
629,7,19,29,48,62,65,87,82,69,39,34,22,15,9,5,3,1,1,1,NA
630,23,69,27,2,3,22,77,102,69,54,79,49,36,40,24,21,14,12,5,2
631,3,13,53,93,118,79,77,74,55,40,42,25,30,9,10,7,2,1,3,1
632,1,3,21,61,76,62,78,85,78,85,63,41,24,22,11,9,8,2,3,2
633,3,6,19,25,60,56,60,66,57,44,46,46,43,29,17,7,6,7,1,NA
634,2,52,57,19,64,88,89,62,71,71,48,29,9,12,13,20,13,8,2,2
635,61,57,5,9,61,121,53,64,91,46,43,29,29,29,17,7,6,2,1,NA
636,44,120,108,56,58,60,39,30,17,24,10,11,8,5,3,2,2,2,NA,NA
637,1,2,22,49,96,85,58,56,46,59,34,25,29,14,9,8,4,1,NA,NA
638,1,1,3,14,40,48,47,55,74,76,63,54,45,24,26,9,9,3,2,NA
639,1,3,10,42,55,49,71,81,77,57,67,62,40,45,23,17,15,9,4,2
640,3,25,74,74,68,64,79,68,74,53,32,24,25,17,15,13,9,6,5,2
641,5,5,34,78,88,91,57,58,61,65,46,34,38,20,15,13,13,5,1,3
642,3,13,34,68,89,100,93,72,74,58,40,34,27,18,3,3,1,NA,NA,NA
643,6,13,49,105,112,69,61,63,56,57,48,29,22,17,8,7,9,1,3,NA
644,1,2,2,14,101,148,152,99,23,11,4,1,2,1,2,1,2,1,1,NA
645,2,2,6,68,115,94,82,83,71,63,40,34,24,20,11,7,3,2,1,NA
646,1,1,1,11,42,94,117,78,65,47,45,43,34,10,6,2,1,NA,NA,NA
647,1,8,59,92,95,68,55,60,67,58,42,27,17,26,16,17,5,9,9,4
648,10,18,58,61,69,72,67,76,64,58,54,37,23,22,16,12,7,4,3,4
649,40,58,22,11,65,90,76,87,82,59,41,30,17,19,13,14,5,1,1,NA
650,2,8,11,37,48,56,50,48,50,61,65,43,42,24,15,14,14,4,3,3
651,3,1,1,1,10,39,82,90,99,121,80,63,41,33,22,20,11,9,2,2
652,1,10,91,143,100,44,78,93,63,20,14,19,25,20,9,3,NA,NA,NA,NA
653,2,1,11,57,90,96,74,52,56,74,52,46,30,26,19,17,13,9,2,3
654,47,61,13,6,36,92,99,73,71,64,37,31,25,23,15,12,17,4,2,3
655,4,11,43,87,111,106,92,79,59,40,28,21,17,12,9,4,4,2,1,NA
656,2,19,75,108,115,92,82,84,65,39,18,16,7,2,2,2,1,1,2,NA
657,5,81,138,126,104,80,65,37,31,23,18,10,4,1,2,1,1,NA,NA,NA
658,13,65,99,111,76,74,90,76,41,35,20,16,6,5,1,1,1,NA,NA,NA
659,1,5,28,58,48,75,82,79,56,62,59,40,38,30,31,15,11,7,2,5
660,39,48,20,49,84,51,44,53,46,52,23,18,11,20,14,10,9,4,3,NA
661,1,1,24,126,163,176,133,58,29,6,1,1,1,NA,NA,NA,NA,NA,NA,NA
662,10,54,121,94,70,43,54,57,52,43,37,28,14,18,14,13,6,2,2,3
663,1,1,42,106,61,87,156,103,60,45,21,18,3,1,1,1,1,NA,NA,NA
664,18,62,117,98,63,59,86,65,45,29,13,16,15,15,16,7,2,2,2,1
665,2,2,1,55,101,196,107,126,72,36,17,5,4,1,1,NA,NA,NA,NA,NA
666,1,26,88,87,45,44,65,103,82,63,35,24,25,15,10,7,2,3,3,NA
667,1,2,66,83,117,96,90,88,58,35,17,20,20,21,8,6,5,1,NA,NA
668,9,46,99,102,66,70,75,72,53,30,21,31,18,10,13,9,4,4,2,1
669,2,10,25,50,48,75,89,76,69,43,34,22,19,11,11,7,4,2,1,NA
670,1,1,3,27,89,94,79,45,55,50,39,30,26,22,12,9,9,2,2,2
671,1,10,63,118,105,80,59,70,30,23,17,13,2,2,3,1,1,NA,NA,NA
672,1,16,31,43,65,75,78,91,81,70,59,33,33,18,16,6,8,2,1,4
673,3,8,24,66,87,93,88,74,64,54,46,32,20,14,26,10,10,3,4,2
674,1,1,3,66,125,164,141,90,54,36,9,2,1,1,1,2,NA,NA,NA,NA
675,2,30,51,82,88,63,84,89,49,50,48,38,26,13,8,5,3,1,1,1
676,9,24,34,51,88,154,134,116,82,45,30,20,18,20,12,9,4,3,2,1
677,1,7,19,32,42,62,71,74,68,55,43,46,18,13,18,10,5,7,5,2
678,22,131,152,96,96,78,55,26,33,13,8,9,2,5,2,1,1,NA,NA,NA
679,1,1,18,43,91,96,69,65,57,83,64,38,21,22,15,12,19,8,8,4
680,28,67,89,124,112,103,72,55,33,22,11,6,3,1,3,1,2,1,1,1
681,2,3,31,122,160,155,120,72,32,14,3,1,1,1,1,NA,NA,NA,NA,NA
682,3,10,33,85,93,43,42,72,89,86,47,71,65,59,33,21,16,7,5,NA
683,8,32,49,67,81,78,89,68,60,60,41,30,25,16,17,7,4,1,1,1
684,2,6,28,73,68,54,57,74,66,48,41,21,27,8,11,5,5,1,1,2
685,3,28,48,32,127,64,56,107,66,48,35,39,27,20,9,12,3,3,2,1
686,59,52,10,3,18,73,92,81,76,79,35,37,20,19,17,22,14,12,7,5
687,1,2,6,14,65,65,89,104,91,75,72,47,28,33,10,11,12,4,1,NA
688,4,44,59,14,54,85,85,70,74,92,49,41,24,19,8,2,5,2,NA,NA
689,1,2,1,16,83,117,101,71,57,63,59,57,30,24,15,13,10,8,4,NA
690,4,4,29,126,134,79,76,83,61,52,33,28,11,3,3,2,1,1,NA,NA
691,1,2,17,74,99,95,132,121,82,44,18,19,20,2,1,1,1,1,NA,NA
692,9,36,54,63,98,85,61,49,52,49,40,31,13,28,18,15,13,7,5,4
693,3,51,237,94,26,70,93,49,25,19,23,13,18,5,3,2,1,NA,NA,NA
694,2,14,45,57,53,43,30,43,56,72,35,49,33,26,14,9,6,6,2,3
695,2,74,61,125,110,59,90,79,46,26,24,16,12,2,1,1,1,1,NA,NA
696,8,14,46,81,100,81,69,72,59,55,43,32,25,17,13,10,4,2,2,2
697,16,60,131,113,80,93,83,50,40,30,13,8,5,2,2,1,1,1,1,NA
698,2,27,54,85,103,113,100,80,37,42,36,22,8,9,6,5,3,1,1,1
699,1,5,30,172,199,163,87,40,10,3,1,3,1,1,1,NA,NA,NA,NA,NA
700,1,11,72,110,162,107,109,68,40,16,9,1,1,1,NA,NA,NA,NA,NA,NA
701,31,111,80,80,67,79,40,40,25,16,13,7,4,3,1,1,NA,NA,NA,NA
702,1,3,11,34,64,73,74,64,49,54,44,40,26,23,12,10,3,9,3,1
703,2,1,7,50,112,98,102,68,54,63,49,38,28,23,21,8,5,1,NA,NA
704,8,32,29,38,62,75,74,74,77,60,45,38,29,28,19,15,14,8,7,2
705,6,28,56,46,69,106,60,59,67,59,40,36,23,18,19,8,10,12,6,2
706,2,11,37,42,44,48,59,67,67,67,47,32,21,17,19,7,7,1,2,1
707,3,25,44,43,40,74,94,97,81,65,41,38,20,17,21,8,13,2,2,2
708,1,64,165,206,129,47,11,4,4,3,2,1,1,1,NA,NA,NA,NA,NA,NA
709,2,49,39,18,13,3,1,23,66,95,109,98,72,44,39,35,17,9,2,1
710,3,17,60,75,65,83,96,60,41,34,14,22,10,9,3,3,1,1,1,NA
711,1,10,43,99,114,60,49,68,53,33,29,17,12,4,2,1,2,1,1,NA
712,1,2,7,25,43,95,79,69,59,45,43,44,22,20,14,9,10,5,4,2
713,2,13,36,69,83,84,91,78,76,51,54,42,14,13,11,6,3,1,1,2
714,2,3,14,62,105,90,110,112,79,54,34,21,18,8,5,2,5,1,2,1
715,30,64,25,5,14,46,82,81,67,66,57,50,43,24,26,25,10,6,4,2
716,7,12,42,54,45,54,62,70,59,57,42,45,18,10,8,4,4,2,1,2
717,53,191,107,61,94,84,51,34,26,10,7,6,3,1,1,1,NA,NA,NA,NA
718,9,27,55,74,88,56,64,66,65,55,41,34,27,24,23,11,7,2,3,1
719,8,11,19,50,32,56,82,72,61,47,57,37,18,15,9,6,7,8,2,1
720,17,54,101,94,73,57,65,71,64,33,26,15,18,17,11,9,2,5,2,1
721,3,20,61,63,81,107,114,85,65,56,31,20,12,3,2,1,3,2,4,2
722,4,8,21,40,83,108,82,87,79,64,42,35,27,14,20,15,4,1,1,NA
723,3,4,15,50,55,91,79,80,73,82,61,39,26,21,23,12,3,3,10,2
724,1,2,5,4,7,33,89,88,106,105,76,59,53,33,16,22,15,9,3,4
725,15,45,77,114,108,104,75,75,45,26,22,11,8,5,2,1,1,1,NA,NA
726,15,52,43,11,32,105,84,49,57,69,60,24,33,24,16,23,17,4,9,4
727,9,28,42,45,34,63,79,60,39,70,58,51,33,26,35,25,16,10,6,3
728,1,2,5,12,50,70,66,82,111,99,77,63,29,24,15,5,7,4,4,2
729,3,5,24,82,131,96,67,71,62,50,32,23,16,25,17,10,5,5,3,3
730,3,22,66,62,61,90,89,67,55,56,41,38,31,17,9,8,9,5,3,3
731,5,25,138,135,69,60,72,68,42,32,24,28,7,11,7,2,1,1,NA,NA
732,8,14,25,62,102,107,124,87,82,57,38,47,27,11,11,14,8,4,1,1
733,1,1,4,4,10,45,115,166,136,146,108,80,31,21,7,2,2,1,NA,NA
734,3,8,53,62,91,94,55,50,81,58,52,42,29,23,12,6,4,2,2,3
735,38,142,125,58,64,83,74,41,19,18,13,17,14,15,6,2,1,1,NA,NA
736,11,23,43,64,78,64,60,57,67,40,30,25,10,11,4,2,1,3,2,3
737,2,4,44,117,129,104,82,69,53,39,29,12,13,19,8,3,1,2,NA,NA
738,2,1,1,2,18,68,113,100,116,96,67,62,33,24,18,3,6,NA,NA,NA
739,15,33,65,65,66,73,69,62,41,31,16,24,8,7,11,4,3,3,2,NA
740,1,4,27,68,76,42,62,64,95,93,62,43,32,17,24,8,8,6,NA,NA
741,16,43,95,81,102,91,69,63,35,38,21,26,22,10,10,7,2,3,1,NA
742,1,6,50,65,81,101,91,81,79,51,22,20,17,19,18,10,10,1,4,3
743,40,75,37,95,96,73,95,94,39,18,22,24,11,8,1,1,1,1,NA,NA
744,2,6,36,86,85,97,88,76,46,28,19,5,2,2,1,1,1,NA,NA,NA
745,56,61,8,33,130,80,66,92,63,46,19,19,17,26,8,3,3,1,NA,NA
746,2,11,43,70,93,76,78,85,71,55,34,35,25,13,15,13,6,3,2,2
747,28,68,103,90,76,48,53,71,57,48,27,21,15,13,1,4,3,2,1,2
748,1,1,17,93,111,104,109,103,80,36,26,23,13,10,1,1,1,NA,NA,NA
749,10,37,60,19,28,57,111,70,70,64,46,56,28,21,12,11,9,10,7,4
750,1,2,20,68,71,70,94,86,65,35,32,24,14,4,7,2,2,1,NA,NA
751,1,29,130,182,130,96,62,42,27,18,8,4,1,NA,NA,NA,NA,NA,NA,NA
752,1,6,50,93,133,71,61,74,61,49,35,23,18,22,16,4,3,6,2,2
753,17,86,137,97,63,81,78,53,36,25,27,15,9,4,1,1,NA,NA,NA,NA
754,18,35,55,69,100,77,73,84,52,53,29,36,21,9,10,5,5,2,NA,NA
755,2,4,32,68,88,89,75,67,68,73,43,32,19,17,17,10,11,6,11,NA
756,1,1,1,2,13,74,105,88,109,128,97,48,29,13,5,8,4,2,1,1
757,4,21,73,112,112,76,67,66,56,47,31,19,12,14,8,5,2,2,1,NA
758,1,5,32,52,30,39,85,90,75,79,57,55,38,28,28,19,5,4,1,2
759,2,1,28,78,95,93,73,52,52,59,53,43,23,21,25,9,15,6,1,1
760,1,6,23,99,174,164,139,62,34,14,8,1,2,1,NA,NA,NA,NA,NA,NA
761,4,17,57,91,106,55,77,76,68,49,39,21,21,20,13,8,7,4,1,1
762,1,9,128,206,189,99,44,23,8,1,4,1,1,NA,NA,NA,NA,NA,NA,NA
763,1,9,17,65,49,71,92,72,78,69,59,57,15,24,13,16,15,7,4,2
764,42,123,137,225,151,35,2,1,1,1,NA,NA,NA,NA,NA,NA,NA,NA,NA,NA
765,1,3,11,47,78,99,105,93,98,61,49,28,23,19,5,4,2,1,1,NA
766,1,1,3,4,23,72,71,90,87,85,57,36,25,18,14,3,4,3,1,NA
767,9,33,50,26,17,49,67,59,77,72,60,53,40,34,16,22,19,13,6,13
768,1,6,54,129,112,64,71,89,52,40,19,20,20,21,16,9,8,3,1,NA
769,1,4,14,42,76,108,124,142,131,89,48,39,31,18,5,4,3,1,NA,NA
770,1,9,13,28,65,52,88,84,77,61,77,56,34,21,18,11,13,13,6,3
771,1,2,13,35,86,83,76,65,62,44,37,23,26,13,8,13,6,5,NA,NA
772,12,45,92,139,124,120,79,41,29,23,15,7,3,1,2,1,1,NA,NA,NA
773,2,6,27,44,53,78,87,100,81,75,47,38,32,23,12,11,4,8,3,1
774,7,19,34,54,68,83,88,69,81,58,43,35,27,19,20,14,8,5,2,1
775,1,3,17,53,78,93,114,79,54,38,29,17,10,7,3,1,1,NA,NA,NA
776,1,1,3,2,58,151,122,95,96,66,42,31,25,14,11,6,1,1,1,NA
777,5,13,38,56,94,102,96,83,62,53,47,31,19,12,9,4,2,3,1,NA
778,14,27,60,101,64,47,36,43,30,29,27,35,21,15,19,14,8,4,3,1
779,44,64,12,1,9,38,79,86,59,67,70,49,26,27,29,17,25,11,8,10
780,22,71,24,6,4,31,65,81,83,74,64,39,22,36,37,27,22,15,5,3
781,24,49,37,42,102,118,59,67,53,45,34,32,28,14,13,8,4,1,1,NA
782,2,3,2,1,6,55,120,136,134,113,72,34,24,15,9,1,2,1,NA,NA
783,1,1,1,9,55,92,89,95,81,73,79,44,35,22,23,18,3,9,2,1
784,8,62,94,122,103,96,76,49,44,27,25,13,7,1,1,1,1,NA,NA,NA
785,11,34,60,84,88,80,79,67,62,51,24,20,22,12,12,9,4,4,4,3
786,37,63,23,6,9,33,83,103,79,77,54,49,32,33,23,11,11,4,1,NA
787,4,20,57,78,84,75,52,58,80,65,47,25,23,17,17,6,11,3,5,4
788,4,7,25,70,98,101,59,88,83,40,45,24,19,20,24,14,8,3,1,2
789,3,2,9,25,41,63,125,121,127,100,54,28,15,8,4,3,NA,NA,NA,NA
790,1,3,25,54,71,58,59,82,96,99,56,35,29,20,18,15,3,6,2,NA
791,19,67,141,136,84,80,51,32,35,20,21,17,8,9,2,3,3,1,1,NA
792,8,50,116,96,70,38,38,54,60,62,33,27,21,8,12,18,9,4,2,4
793,2,6,33,114,109,86,65,83,65,45,28,16,21,18,14,11,5,4,3,2
794,6,24,36,43,55,96,143,114,78,50,36,24,11,5,7,1,1,1,NA,NA
795,4,70,112,92,68,71,66,59,67,37,24,23,14,13,4,4,1,1,NA,NA
796,1,17,57,40,36,84,103,52,49,76,55,47,21,22,29,14,11,9,3,4
797,3,12,25,46,55,78,61,71,55,39,51,36,18,10,13,8,6,3,6,2
798,39,71,10,2,5,42,89,88,69,82,63,33,29,17,26,17,17,15,9,8
799,2,6,37,78,91,102,97,80,65,48,29,23,20,23,11,6,4,4,3,1
800,1,2,10,30,31,61,60,83,75,69,72,72,53,40,23,20,13,8,5,2
801,3,34,78,86,90,74,66,67,53,43,35,19,21,23,6,13,9,5,6,4
802,18,41,61,61,64,68,70,70,58,74,40,24,25,13,16,13,5,10,4,NA
803,1,21,118,162,131,89,84,43,37,19,6,4,1,1,1,1,1,NA,NA,NA
804,2,6,30,58,72,72,70,83,72,41,45,19,11,8,3,4,1,1,NA,NA
805,12,46,68,45,56,78,65,43,45,35,38,18,17,8,5,10,3,5,1,NA
806,7,13,63,96,76,46,30,35,60,44,28,22,19,17,16,7,3,10,2,4
807,1,6,21,61,61,54,77,82,90,87,58,35,29,28,16,12,9,3,2,NA
808,10,38,51,21,28,54,61,73,57,59,42,55,50,37,37,27,13,9,3,6
809,1,2,2,2,47,166,122,49,47,76,60,51,28,19,23,13,12,5,5,NA
810,1,5,22,52,69,73,72,104,114,76,39,28,21,27,14,6,3,3,1,NA
811,3,4,20,57,93,128,97,100,69,42,32,22,29,9,16,7,4,1,2,NA
812,36,59,20,6,10,54,78,78,53,64,79,52,30,23,23,20,10,19,13,4
813,1,1,2,4,9,37,72,82,86,71,85,87,62,42,21,19,22,13,6,6
814,1,5,53,80,85,76,63,56,58,76,67,32,15,17,18,17,8,4,1,1
815,14,31,33,44,45,48,52,54,56,51,48,32,21,17,13,16,8,8,3,4
816,3,20,62,115,104,114,90,71,41,35,30,16,11,7,5,4,1,1,NA,NA
817,1,9,25,37,31,26,30,63,80,96,85,71,57,50,21,20,12,12,8,1
818,1,10,92,151,93,47,59,75,55,42,25,23,14,7,18,7,11,1,1,NA
819,11,37,50,61,79,70,60,56,67,48,41,44,22,30,19,18,6,4,6,6
820,5,9,30,50,58,63,68,69,67,56,28,23,19,19,14,10,3,3,1,3
821,11,59,75,110,115,97,79,57,38,26,25,20,12,4,3,2,1,1,NA,NA
822,8,38,85,77,71,76,86,80,62,41,25,19,27,13,11,6,4,1,3,2
823,3,7,38,61,76,84,72,67,60,83,51,41,32,24,15,9,4,4,3,1
824,2,1,17,34,47,61,95,91,78,53,54,61,37,24,32,20,12,6,6,4
825,5,10,28,59,57,76,57,69,63,53,39,31,20,14,6,2,4,3,1,1
826,3,8,35,61,65,103,86,74,82,61,39,37,20,16,17,10,4,5,1,NA
827,9,22,51,84,95,80,97,69,85,49,36,16,15,12,4,3,2,2,3,NA
828,24,59,33,42,73,92,82,84,72,49,30,25,16,17,17,6,4,3,2,1
829,10,28,45,84,61,55,62,73,63,49,49,38,33,32,20,10,8,5,6,1
830,26,64,27,18,69,113,74,71,75,65,47,30,17,15,10,3,2,4,1,NA
831,1,3,3,8,37,122,136,85,55,58,46,53,39,31,28,13,9,2,1,NA
832,6,22,48,60,49,52,52,70,80,76,55,44,35,20,17,19,10,7,7,3
833,1,4,31,97,108,88,81,79,56,57,45,27,27,8,16,1,2,1,1,NA
834,7,40,59,33,80,98,53,91,83,54,37,22,21,23,16,9,5,3,1,NA
835,2,1,7,163,192,146,96,42,34,28,4,2,1,1,1,NA,NA,NA,NA,NA
836,52,62,10,3,2,42,99,92,68,86,53,44,37,16,15,13,18,15,3,1
837,65,124,167,125,84,77,37,16,5,1,1,NA,NA,NA,NA,NA,NA,NA,NA,NA
838,4,26,56,86,95,71,75,51,58,54,43,27,16,13,19,20,8,4,3,4
839,18,9,28,69,55,35,80,101,53,64,52,55,36,26,14,10,14,8,5,3
840,5,8,28,40,36,14,12,63,76,94,82,77,52,47,34,21,18,20,4,4
841,24,39,49,24,53,67,84,84,67,65,59,37,25,18,13,9,5,7,1,1
842,2,1,2,10,42,72,76,79,80,93,59,36,19,8,4,6,5,2,2,NA
843,4,12,46,67,67,65,82,84,80,80,41,21,28,16,14,15,6,1,1,5
844,10,41,57,36,87,86,73,61,81,51,44,29,24,23,11,7,3,3,3,NA
845,2,1,12,33,42,56,81,81,91,100,78,51,32,33,16,10,2,4,2,NA
846,22,75,94,103,89,67,78,63,52,33,22,15,7,6,1,2,1,NA,NA,NA
847,9,38,65,63,84,65,87,74,71,47,22,36,18,14,13,7,7,3,2,2
848,2,35,227,140,132,90,49,24,4,2,4,1,1,1,1,1,NA,NA,NA,NA
849,4,23,44,63,65,72,68,88,77,76,40,28,14,21,23,10,10,5,2,2
850,1,2,148,222,196,81,43,24,3,2,1,1,NA,NA,NA,NA,NA,NA,NA,NA
851,3,2,24,37,53,68,82,68,59,57,47,23,24,16,13,7,10,2,3,NA
852,10,37,41,39,80,97,78,89,63,55,48,30,28,18,8,6,2,2,1,NA
853,9,39,98,111,83,66,61,59,55,33,30,27,21,14,6,12,1,2,1,NA
854,8,46,83,80,80,80,77,58,77,55,29,21,14,6,7,4,1,3,1,1
855,1,4,29,65,87,89,87,50,48,67,59,37,29,19,29,10,6,8,3,1
856,5,27,69,80,102,74,63,67,46,46,41,34,27,16,9,13,7,4,4,1
857,1,3,20,60,71,93,82,87,93,58,67,38,30,15,8,1,3,2,NA,NA
858,3,3,15,47,56,84,69,65,65,42,42,28,17,15,11,10,11,8,4,3
859,4,12,37,54,55,73,70,72,56,48,26,29,23,13,8,7,3,4,2,2
860,5,29,43,59,77,71,80,87,71,70,32,36,29,16,11,4,3,4,4,2
861,3,10,36,42,135,150,121,101,74,24,15,2,1,1,NA,NA,NA,NA,NA,NA
862,2,8,12,33,64,79,64,96,77,81,59,45,36,25,23,11,14,3,3,NA
863,5,31,47,17,1,4,34,69,105,103,114,100,77,52,38,21,12,4,1,1
864,3,10,23,52,32,28,55,79,67,70,65,62,60,44,35,18,14,9,2,NA
865,1,3,3,10,40,60,71,56,80,84,77,80,70,36,24,13,8,9,5,NA
866,1,3,37,67,78,79,86,85,90,70,36,31,22,19,16,7,4,1,NA,NA
867,5,11,32,26,14,17,59,87,147,142,99,71,51,26,13,16,6,3,4,2
868,1,1,10,36,67,96,88,114,120,74,49,28,22,13,5,4,1,2,1,NA
869,12,60,53,132,88,62,76,70,43,28,28,13,19,25,11,4,5,1,1,NA
870,22,76,122,211,170,79,31,6,2,1,1,1,1,NA,NA,NA,NA,NA,NA,NA
871,1,9,40,66,106,101,89,86,65,61,40,27,16,11,5,5,2,2,NA,NA
872,1,3,1,8,19,42,70,103,101,79,83,60,53,42,24,16,14,7,2,2
873,5,18,30,36,20,19,30,59,61,75,92,64,66,46,30,25,21,15,13,6
874,4,22,53,62,62,96,103,84,69,50,34,19,21,16,17,11,5,5,1,1
875,3,22,64,89,96,51,48,75,62,54,45,39,25,18,15,9,9,3,1,2
876,92,26,6,59,109,124,77,60,52,48,44,13,2,2,1,1,1,NA,NA,NA
877,2,2,2,7,4,15,56,126,140,99,85,83,50,36,29,9,7,1,1,1
878,15,57,62,79,88,70,70,60,62,53,30,26,16,12,16,6,4,2,2,1
879,2,2,28,47,71,92,79,56,55,64,22,25,17,16,11,4,3,2,2,NA
880,4,13,49,70,91,79,75,64,61,46,46,37,24,27,11,12,12,4,2,1
881,6,58,50,86,121,69,62,65,46,49,26,30,12,16,14,10,6,1,1,2
882,1,4,29,163,204,106,78,59,37,12,11,9,5,1,1,NA,NA,NA,NA,NA
883,2,2,11,36,56,27,53,72,118,88,100,53,29,30,26,15,9,1,1,1
884,4,8,32,57,80,96,75,54,50,31,24,23,17,13,11,9,6,3,2,3
885,1,1,2,8,61,74,69,65,83,89,100,60,45,31,24,8,4,1,1,NA
886,5,1,3,59,76,127,116,99,102,55,46,25,6,5,3,1,1,NA,NA,NA
887,1,15,173,158,104,111,72,26,34,22,5,1,1,NA,NA,NA,NA,NA,NA,NA
888,1,1,4,30,47,69,84,89,92,87,63,48,29,38,17,14,8,6,5,3
889,3,35,52,64,71,57,49,36,69,59,72,55,35,27,14,8,9,10,5,1
890,2,33,81,98,104,89,73,35,22,23,13,10,6,4,3,1,1,NA,NA,NA
891,10,31,73,95,114,93,104,52,31,39,19,22,18,4,10,4,1,4,3,NA
892,8,60,47,7,5,29,68,76,51,63,68,61,60,38,18,19,18,14,11,10
893,1,1,1,2,6,37,97,101,75,60,52,46,35,38,23,8,8,5,2,NA
894,16,154,136,71,72,86,73,45,30,23,10,4,1,1,NA,NA,NA,NA,NA,NA
895,5,10,38,82,93,88,88,75,73,41,34,26,26,21,7,4,9,5,1,2
896,1,1,9,50,114,112,125,116,73,40,30,29,13,8,6,5,1,1,1,NA
897,91,275,250,74,18,6,3,1,1,1,1,2,4,1,1,NA,NA,NA,NA,NA
898,1,28,81,9,4,6,63,107,70,68,74,62,34,34,32,21,24,7,8,NA
899,60,58,7,58,112,96,92,84,50,30,27,17,17,13,5,3,1,1,NA,NA
900,3,1,11,26,62,77,83,78,59,42,44,32,28,17,11,11,4,4,1,4
901,16,38,75,78,76,73,60,76,64,39,31,20,18,24,18,8,7,8,4,2
902,9,20,60,130,143,110,61,37,12,3,1,2,2,4,2,1,1,NA,NA,NA
903,5,8,31,49,53,81,88,76,67,52,29,24,16,8,5,2,3,1,NA,NA
904,1,6,45,70,45,74,81,73,64,47,34,21,14,8,4,5,4,1,1,NA
905,1,1,6,19,82,85,81,97,103,59,63,45,27,15,13,9,4,9,6,5
906,6,32,110,110,84,58,69,64,42,29,31,32,24,14,6,6,5,3,2,5
907,1,1,2,2,15,29,67,105,118,109,86,72,45,30,24,15,7,2,NA,NA
908,17,53,74,84,106,56,60,82,59,41,33,30,19,8,4,3,1,1,1,NA
909,1,10,225,101,128,61,42,7,2,2,2,1,1,NA,NA,NA,NA,NA,NA,NA
910,14,90,124,91,49,80,67,77,40,19,16,18,20,9,8,4,2,1,1,1
911,8,32,77,94,79,60,75,61,57,48,35,15,22,21,14,18,8,3,5,3
912,11,45,72,90,104,115,88,79,55,28,21,12,9,2,1,1,1,1,NA,NA
913,2,2,2,10,29,76,105,78,54,54,58,68,41,30,31,41,20,11,11,4
914,6,32,42,67,62,82,69,68,67,62,35,52,37,26,11,11,2,2,1,1
915,9,30,42,59,53,58,44,46,45,32,37,44,37,25,9,15,7,1,3,2
916,2,2,19,48,79,78,100,96,76,63,50,31,34,22,20,2,3,2,NA,NA
917,1,3,4,61,47,74,93,73,72,83,62,40,32,30,25,13,10,5,2,NA
918,9,34,48,24,8,29,61,78,64,54,70,73,56,35,24,16,18,13,11,6
919,8,44,39,27,66,74,52,53,43,54,32,29,28,20,11,7,2,3,4,1
920,2,8,27,61,63,51,64,81,59,47,48,23,22,14,13,8,3,1,1,2
921,10,65,41,8,3,5,32,78,83,83,90,65,50,37,22,17,17,9,12,4
922,3,11,29,54,80,53,63,79,83,87,61,33,30,22,15,7,8,6,2,NA
923,2,8,15,46,51,70,100,62,71,69,65,43,39,30,19,24,7,4,6,4
924,5,28,71,57,122,100,81,78,63,56,19,20,17,9,2,1,1,NA,NA,NA
925,1,1,1,5,23,72,118,118,130,112,62,31,21,7,8,4,5,1,NA,NA
926,1,2,4,27,99,116,119,121,94,56,31,26,17,8,2,2,3,1,1,NA
927,1,2,1,17,185,164,133,95,44,35,30,11,1,2,1,1,NA,NA,NA,NA
928,1,6,98,121,88,99,117,65,34,28,20,22,15,7,7,1,1,NA,NA,NA
929,11,28,44,86,89,73,65,69,66,49,40,23,33,21,16,7,7,5,2,1
930,10,28,77,70,60,82,82,82,58,46,36,34,19,20,6,9,5,3,1,2
931,6,23,32,32,53,58,72,83,100,80,85,66,46,32,24,14,7,5,5,3
932,23,43,33,41,70,82,46,61,68,45,44,17,12,6,1,2,3,1,1,NA
933,13,65,38,2,5,29,81,90,93,86,61,46,29,27,23,16,15,5,5,2
934,1,13,91,123,98,97,88,79,54,31,16,21,8,8,1,1,NA,NA,NA,NA
935,12,52,41,22,60,75,75,68,96,71,43,36,22,25,12,14,5,4,1,1
936,1,5,5,17,52,87,86,92,77,67,79,43,38,38,14,9,8,11,1,NA
937,9,28,75,97,73,103,98,75,57,40,32,23,7,9,2,1,2,1,NA,NA
938,11,42,85,89,89,78,57,67,63,28,21,22,18,11,13,12,11,10,4,4
939,1,2,20,75,56,62,72,110,89,81,48,28,27,23,17,8,5,2,4,NA
940,3,16,95,122,119,89,92,72,43,29,26,18,5,1,1,NA,NA,NA,NA,NA
941,4,16,69,92,84,60,49,32,29,33,26,26,22,20,10,13,3,2,3,5
942,1,1,1,5,49,101,108,95,114,114,53,36,20,16,8,4,2,1,1,2
943,7,17,43,48,96,81,89,80,70,60,40,23,21,18,16,6,7,3,4,1
944,34,66,83,84,103,101,81,60,48,25,12,16,9,5,3,2,2,1,NA,NA
945,3,25,35,33,26,50,87,94,100,65,70,45,32,29,17,16,3,2,1,2
946,2,5,24,56,47,78,88,64,64,52,58,47,33,32,27,14,13,11,11,4
947,3,1,14,70,113,119,119,131,98,30,13,6,3,1,1,NA,NA,NA,NA,NA
948,1,11,58,117,147,205,129,74,43,31,20,13,9,3,3,1,1,NA,NA,NA
949,25,43,58,86,95,57,42,61,62,57,38,29,16,15,13,17,9,3,7,2
950,18,39,83,84,78,71,53,59,57,44,32,29,24,16,10,14,4,6,3,2
951,12,81,128,115,121,111,64,42,29,10,7,1,4,1,2,1,1,NA,NA,NA
952,1,8,26,35,56,66,90,85,80,54,39,20,20,7,5,2,2,1,1,NA
953,16,70,28,3,5,30,82,85,65,68,76,50,27,39,26,26,16,12,7,2
954,1,8,46,113,113,121,89,70,59,32,20,21,18,14,2,1,2,NA,NA,NA
955,1,1,3,14,44,74,95,90,87,80,63,54,42,19,25,17,10,5,3,3
956,8,53,105,184,158,98,62,27,15,8,1,2,1,2,1,2,NA,NA,NA,NA
957,2,13,48,59,58,114,78,76,70,57,35,25,18,16,22,17,13,6,6,2
958,10,27,37,46,75,83,72,78,59,56,51,49,33,27,8,4,7,6,5,2
959,8,50,35,25,28,85,81,68,93,62,57,39,30,24,16,18,10,3,1,2
960,2,10,29,69,95,74,72,48,65,67,55,41,21,27,15,20,7,5,7,3
961,12,48,67,87,91,83,70,71,42,41,43,24,20,9,7,7,4,1,1,2
962,20,73,166,83,53,70,62,40,38,26,23,25,17,13,4,2,1,1,NA,NA
963,54,61,7,2,15,71,113,98,68,55,32,25,25,37,18,18,21,4,3,3
964,2,1,3,42,155,142,151,98,60,35,25,5,2,1,1,NA,NA,NA,NA,NA
965,11,46,107,107,88,60,62,40,44,40,36,29,19,9,13,9,6,3,2,1
966,2,1,1,7,21,60,62,84,96,78,86,64,47,37,37,21,17,6,3,NA
967,5,9,55,60,77,69,101,85,71,62,48,22,26,12,8,8,3,5,1,3
968,11,20,24,36,32,41,72,69,77,98,61,55,33,23,27,18,13,10,7,4
969,5,4,16,36,108,160,116,98,87,49,17,4,3,1,1,1,NA,NA,NA,NA
970,27,52,34,13,18,39,86,113,82,77,44,63,37,21,17,5,2,1,1,NA
971,1,2,22,172,128,161,107,59,39,23,5,2,1,1,1,NA,NA,NA,NA,NA
972,49,61,109,141,119,85,33,29,17,7,1,1,1,NA,NA,NA,NA,NA,NA,NA
973,18,60,123,119,103,79,71,46,42,23,14,9,7,5,2,3,1,3,2,NA
974,10,25,39,68,73,62,56,59,51,29,32,27,19,19,19,2,1,2,2,3
975,2,3,4,17,73,124,101,94,101,71,60,32,22,16,4,4,1,1,NA,NA
976,4,40,50,49,112,75,58,66,62,60,35,25,20,21,22,16,9,3,1,2
977,10,104,130,79,36,53,43,42,28,17,14,11,10,10,3,5,1,2,1,NA
978,12,44,98,106,73,56,68,76,42,40,24,25,17,16,8,3,8,7,5,3
979,12,48,145,118,53,74,95,68,36,22,17,25,9,5,2,2,1,1,NA,NA
980,3,1,14,54,139,118,64,66,69,56,41,30,11,17,17,13,7,8,2,NA
981,12,47,106,80,76,58,75,70,54,34,24,17,16,17,14,11,8,3,5,4
982,4,19,60,113,99,74,66,66,67,49,29,20,9,7,13,8,14,10,2,2
983,2,65,114,156,143,119,60,32,18,12,3,1,NA,NA,NA,NA,NA,NA,NA,NA
984,2,1,3,11,101,122,69,86,108,86,48,33,26,15,5,7,2,1,1,NA
985,18,52,95,111,119,128,72,50,28,21,13,4,4,4,2,1,1,4,1,NA
986,1,4,63,117,148,95,74,76,55,31,16,11,14,7,5,3,3,NA,NA,NA
987,25,53,26,48,93,87,78,96,75,35,30,21,23,13,16,6,3,4,2,1
988,4,7,27,37,80,103,92,81,70,66,62,31,36,18,9,7,4,1,NA,NA
989,1,4,26,34,38,61,73,66,56,68,54,32,31,22,16,9,2,2,3,NA
990,19,39,72,98,72,56,52,71,62,51,36,35,22,15,11,10,5,4,1,NA
991,5,21,41,54,51,63,59,69,67,86,53,51,36,27,19,9,6,4,6,3
992,2,5,16,58,33,34,49,75,87,65,63,58,55,45,27,21,8,15,10,4
993,8,44,92,100,79,88,86,73,45,30,25,19,23,6,8,2,1,2,NA,NA
994,7,64,68,123,102,69,62,80,56,30,26,14,13,8,2,4,1,1,NA,NA
995,6,37,57,89,73,71,55,62,57,48,45,32,32,19,12,9,8,10,6,3
996,33,91,130,109,98,88,66,25,32,15,15,6,2,3,1,3,1,NA,NA,NA
997,11,32,83,99,79,73,97,51,63,40,28,23,11,14,8,11,4,1,2,2
998,1,1,4,13,66,124,114,92,78,67,52,38,25,28,9,8,4,2,2,NA
999,8,65,73,84,81,54,51,63,78,59,30,20,19,16,19,3,3,3,2,NA
1000,3,11,26,48,60,66,70,66,61,41,39,37,21,17,5,11,9,4,2,1
1001,44,58,100,122,75,71,86,62,35,22,26,16,7,3,2,2,1,1,NA,NA
1002,29,67,72,82,86,116,90,50,34,36,20,19,16,9,3,4,1,1,NA,NA
1003,6,10,63,114,112,87,72,75,52,42,23,28,21,13,4,5,2,1,NA,NA
1004,1,8,38,91,63,54,69,78,60,42,27,25,11,17,5,3,2,1,2,1
1005,3,11,35,109,115,93,75,64,60,28,31,35,22,19,10,10,6,2,1,1
1006,11,42,87,79,89,78,81,72,41,36,29,29,13,14,12,9,3,3,1,2
1007,4,25,63,68,49,57,74,89,81,83,45,28,22,14,12,7,7,4,1,2
1008,7,51,89,101,91,44,43,57,46,50,37,29,19,23,13,13,11,5,5,1
1009,11,38,40,59,71,96,72,53,51,37,26,15,12,8,4,1,1,1,1,1
1010,9,56,60,56,64,58,94,104,86,46,28,22,16,9,9,6,6,3,1,2
1011,2,2,19,62,96,108,115,97,63,50,37,25,21,15,10,5,1,1,1,NA
1012,1,2,10,24,57,68,66,65,78,67,63,35,19,11,11,10,4,2,4,1
1013,11,30,58,38,54,94,108,81,71,44,39,31,15,9,19,15,8,2,2,1
1014,6,65,44,21,61,93,96,95,85,45,42,30,24,14,3,4,2,NA,NA,NA
1015,2,1,17,83,96,98,75,73,79,61,43,33,23,23,11,4,1,5,1,1
1016,4,9,53,128,120,66,38,60,67,51,32,22,19,14,16,15,8,5,3,NA
1017,2,4,32,97,160,131,133,74,52,28,6,1,NA,NA,NA,NA,NA,NA,NA,NA
1018,10,35,56,83,89,80,85,77,58,36,36,21,17,12,14,5,7,5,5,2
1019,2,27,105,96,96,104,63,32,22,20,13,7,6,4,1,1,NA,NA,NA,NA
1020,10,16,37,63,64,62,48,65,67,73,59,55,32,29,22,12,4,8,5,1
1021,12,77,132,150,156,93,65,20,13,1,1,1,NA,NA,NA,NA,NA,NA,NA,NA
1022,17,66,100,100,86,67,70,56,36,21,23,22,17,12,10,13,7,2,2,3
1023,24,63,74,78,81,87,79,71,38,34,22,21,17,10,8,12,6,3,1,2
1024,11,55,70,61,55,75,115,103,43,60,24,24,14,11,4,7,1,1,1,NA
1025,3,1,4,38,72,114,98,76,56,72,65,43,33,22,13,11,3,2,1,NA
1026,4,2,14,85,116,102,60,60,51,53,58,43,26,25,13,16,1,1,NA,NA
1027,8,31,102,112,59,52,52,55,35,25,18,20,12,10,3,1,2,1,1,NA
1028,29,112,164,69,85,74,66,43,31,14,25,6,7,1,2,1,1,NA,NA,NA
1029,47,69,7,3,4,33,83,127,95,81,54,45,31,26,17,6,2,1,NA,NA
1030,7,44,53,18,19,48,86,74,59,71,63,51,27,46,24,15,15,5,3,3
1031,6,22,73,130,92,69,67,66,60,28,24,18,19,17,14,12,9,3,1,NA
1032,14,60,35,21,43,88,91,76,79,48,49,36,38,18,16,8,5,4,2,NA
1033,5,22,36,73,91,82,51,42,71,72,49,29,26,28,17,16,10,7,5,3
1034,11,71,37,4,6,33,95,106,93,77,43,18,32,27,24,23,12,12,6,1
1035,21,62,35,7,13,44,89,86,75,64,66,41,23,25,30,22,9,11,5,3
1036,2,9,36,63,66,98,105,97,96,60,33,36,8,8,6,3,1,1,1,1
1037,5,10,37,76,101,89,102,79,58,55,35,15,22,20,14,8,2,2,1,NA
1038,9,31,39,34,48,58,67,70,60,47,36,23,17,12,23,8,4,5,3,4
1039,2,1,2,2,33,138,121,163,112,66,40,17,14,6,2,2,1,NA,NA,NA
1040,1,2,12,89,180,97,101,89,56,23,22,27,17,9,3,1,1,NA,NA,NA
1041,5,6,21,52,36,52,46,40,50,59,38,59,54,26,20,11,13,4,2,4
1042,11,34,76,87,109,95,82,72,48,34,22,23,14,9,7,3,2,1,1,NA
1043,1,7,29,56,88,62,83,64,92,69,54,46,26,15,13,9,5,5,4,3
1044,1,1,6,44,80,89,72,99,109,79,45,26,30,20,13,5,5,2,2,NA
1045,4,18,25,27,37,57,55,84,113,104,98,58,53,34,21,15,10,8,5,5
1046,1,1,19,62,109,112,57,49,61,82,51,32,18,29,14,13,14,4,1,2
1047,4,42,127,126,73,82,83,71,39,34,20,14,5,4,1,1,1,NA,NA,NA
1048,2,16,70,121,100,70,94,85,51,33,26,21,18,8,11,3,1,3,1,NA
1049,3,9,38,62,79,79,63,45,52,50,38,29,23,16,4,3,3,1,1,NA
1050,3,12,45,86,89,104,84,91,72,38,34,27,21,11,6,4,3,1,1,NA
1051,21,70,95,105,70,68,77,64,60,37,22,9,6,3,5,2,2,1,NA,NA
1052,2,3,26,52,90,94,84,60,78,59,44,35,22,18,18,15,8,8,11,3
1053,14,52,99,126,64,37,52,55,44,29,33,35,24,25,12,11,12,7,2,2
1054,14,56,43,36,73,73,82,69,72,58,35,28,19,19,19,14,13,6,4,2
1055,13,48,95,74,61,72,64,76,67,39,32,24,23,15,9,11,5,3,1,2
1056,20,30,81,80,80,76,74,52,38,28,9,12,7,6,1,2,2,1,NA,NA
1057,2,9,23,63,67,59,96,91,101,80,55,37,23,13,5,3,2,2,3,1
1058,4,12,56,68,76,78,72,62,52,60,56,40,31,27,15,16,2,1,2,NA
1059,12,48,74,61,67,80,77,73,77,45,34,28,17,14,10,10,3,2,3,NA
1060,2,1,28,92,119,89,63,83,80,39,35,21,20,22,17,11,2,3,2,1
1061,1,5,9,17,60,85,88,74,88,77,62,62,28,20,16,13,10,5,5,3
1062,1,1,30,69,123,90,41,56,49,60,52,43,35,28,19,13,10,8,2,NA
1063,16,55,99,113,78,61,66,57,56,26,25,9,16,10,20,15,8,2,1,2
1064,1,1,1,5,30,91,128,105,78,62,69,44,34,31,27,8,9,3,3,NA
1065,3,23,31,27,24,36,59,76,71,53,43,48,29,38,23,8,4,1,1,NA
1066,1,2,2,7,27,48,118,136,120,84,54,44,27,28,17,9,2,4,NA,NA
1067,1,2,12,28,63,84,61,83,56,53,40,36,29,10,13,13,8,4,2,NA
1068,1,5,17,30,74,77,78,93,104,78,48,44,26,18,8,8,8,6,2,3
1069,23,56,30,24,66,84,89,73,53,32,28,47,46,38,25,7,2,6,2,2
1070,18,48,72,70,48,56,78,83,66,50,30,25,17,13,16,18,9,9,3,6
1071,6,13,35,52,71,79,50,58,66,58,51,37,38,26,30,24,10,17,11,3
1072,3,2,24,68,27,16,59,90,71,63,65,78,45,37,18,21,21,12,7,3
1073,12,49,96,128,126,96,67,57,41,22,13,7,6,2,4,2,2,NA,NA,NA
1074,9,45,75,114,95,89,85,71,49,29,21,16,14,10,4,2,1,1,1,NA
1075,4,5,11,38,52,59,75,81,78,57,80,64,31,33,19,22,10,10,4,2
1076,1,5,46,115,115,119,100,72,53,30,24,23,11,5,4,3,2,1,1,NA
1077,3,11,28,56,70,72,76,60,61,51,63,48,39,21,21,16,11,12,6,5
1078,2,30,89,156,101,52,56,59,44,45,33,24,10,14,4,5,2,2,NA,NA
1079,4,30,123,120,79,52,43,47,63,49,38,25,25,17,10,5,1,1,NA,NA
1080,2,2,5,31,42,77,72,82,86,59,43,30,24,17,11,9,2,3,1,NA
1081,11,12,43,40,14,35,51,54,69,67,74,46,53,39,25,33,15,9,2,3
1082,3,8,25,32,79,81,97,69,67,56,52,35,36,26,22,14,12,6,6,5
1083,2,6,14,38,89,92,91,107,84,70,60,33,17,16,5,4,2,1,1,NA
1084,1,5,15,60,130,148,100,100,63,33,32,17,15,9,1,2,1,1,NA,NA
1085,14,31,44,78,70,84,45,49,53,72,53,43,33,22,15,12,7,3,5,2
1086,13,53,84,60,57,74,64,69,47,37,38,35,32,17,9,16,6,8,7,6
1087,12,29,55,76,83,77,86,66,75,44,34,23,20,18,11,10,6,5,4,1
1088,2,5,13,54,66,67,113,68,57,85,73,38,33,20,19,10,5,1,1,NA
1089,1,1,1,1,6,40,90,89,115,130,83,57,37,36,20,13,7,3,NA,NA
1090,55,53,11,7,36,101,96,91,68,61,44,44,17,20,14,6,4,1,2,NA
1091,3,23,81,115,82,57,64,64,65,49,29,22,12,14,21,10,11,5,3,5
1092,6,3,14,30,47,67,57,58,49,48,44,39,44,39,25,12,4,5,2,5
1093,1,1,21,96,121,127,128,105,56,43,8,13,6,2,3,NA,NA,NA,NA,NA
1094,4,6,15,44,56,60,62,51,49,41,43,43,38,33,18,20,6,2,5,2
1095,6,31,29,33,63,97,73,85,69,63,49,41,18,25,23,16,6,3,1,2
1096,21,66,102,130,100,63,62,42,38,32,17,14,13,14,9,3,2,1,1,NA
1097,9,23,52,57,65,91,134,131,110,68,42,25,24,17,11,7,5,1,5,3
1098,38,60,19,7,10,47,77,72,95,69,56,51,30,23,26,23,9,7,7,5
1099,6,14,24,26,38,78,128,131,110,99,63,34,27,23,14,12,4,3,2,2
1100,2,13,90,188,102,103,84,59,37,24,14,3,2,1,NA,NA,NA,NA,NA,NA
1101,1,15,76,116,99,68,48,76,77,35,29,16,11,18,18,12,9,8,3,NA
1102,6,12,41,78,61,70,83,58,53,39,24,27,16,13,6,8,2,1,NA,NA
1103,3,4,10,35,73,99,78,84,80,71,56,42,29,19,17,17,8,3,3,1
1104,1,7,31,49,46,58,58,63,60,75,49,43,22,14,7,7,3,3,1,1
1105,7,37,72,96,108,72,62,75,50,32,29,26,13,11,15,8,7,4,1,5
1106,6,27,54,27,14,38,80,99,87,87,67,44,30,25,20,10,8,7,3,2
1107,32,103,112,82,66,65,47,23,24,14,11,13,4,1,1,1,NA,NA,NA,NA
1108,25,85,13,19,84,113,52,45,67,60,37,21,25,28,11,12,11,14,9,NA
1109,1,5,31,82,93,74,50,41,41,39,29,31,27,17,10,9,11,4,3,NA
1110,8,41,71,122,83,54,57,67,54,40,28,27,15,14,17,6,14,11,2,3
1111,2,22,28,87,92,91,100,95,62,49,32,19,24,13,9,1,1,1,1,1
1112,28,86,123,121,97,61,41,55,38,19,20,9,9,8,7,2,1,2,1,2
1113,7,36,96,115,101,81,92,63,52,32,16,23,10,5,2,2,1,1,NA,NA
1114,7,9,20,40,67,85,80,91,94,88,57,29,17,12,17,9,6,2,1,4
1115,1,10,47,59,75,64,79,73,93,69,54,36,26,14,14,5,6,5,2,NA
